sensor_name,inference_layer,inference_latency,registered_at
ESP32_3330A5,InferenceLayer.SENSOR,4209,2024-08-26 19:39:00.490465
ESP32_ED5A4D,InferenceLayer.SENSOR,784,2024-08-26 19:39:01.483396
ESP32_46B1A6,InferenceLayer.SENSOR,4311,2024-08-26 19:39:02.495937
ESP32_46978A,InferenceLayer.SENSOR,3432,2024-08-26 19:39:03.603944
ESP32_97C286,InferenceLayer.SENSOR,4108,2024-08-26 19:39:04.517330
ESP32_AABBCC,InferenceLayer.SENSOR,3872,2024-08-26 19:39:15.662650
ESP32_09B38F,InferenceLayer.SENSOR,2004,2024-08-26 19:39:16.605874
ESP32_232714,InferenceLayer.SENSOR,1284,2024-08-26 19:39:17.622012
ESP32_B57936,InferenceLayer.SENSOR,3927,2024-08-26 19:39:18.600225
ESP32_8F7400,InferenceLayer.SENSOR,3654,2024-08-26 19:39:19.620186
ESP32_3330A5,InferenceLayer.SENSOR,4001,2024-08-26 19:39:20.686642
ESP32_ED5A4D,InferenceLayer.SENSOR,862,2024-08-26 19:39:21.642549
ESP32_46B1A6,InferenceLayer.SENSOR,3053,2024-08-26 19:39:22.658979
ESP32_46978A,InferenceLayer.SENSOR,4002,2024-08-26 19:39:23.688153
ESP32_97C286,InferenceLayer.SENSOR,4117,2024-08-26 19:39:24.670434
ESP32_AABBCC,InferenceLayer.SENSOR,3891,2024-08-26 19:39:35.778827
ESP32_09B38F,InferenceLayer.SENSOR,807,2024-08-26 19:39:36.769967
ESP32_232714,InferenceLayer.SENSOR,3967,2024-08-26 19:39:37.760843
ESP32_B57936,InferenceLayer.SENSOR,3939,2024-08-26 19:39:38.774305
ESP32_8F7400,InferenceLayer.SENSOR,4628,2024-08-26 19:39:39.773548
ESP32_3330A5,InferenceLayer.SENSOR,2967,2024-08-26 19:39:40.861804
ESP32_ED5A4D,InferenceLayer.SENSOR,767,2024-08-26 19:39:41.824229
ESP32_46B1A6,InferenceLayer.SENSOR,4089,2024-08-26 19:39:42.837661
ESP32_46978A,InferenceLayer.SENSOR,3931,2024-08-26 19:39:43.811765
ESP32_97C286,InferenceLayer.SENSOR,3930,2024-08-26 19:39:44.821444
ESP32_AABBCC,InferenceLayer.SENSOR,3933,2024-08-26 19:39:55.926823
ESP32_09B38F,InferenceLayer.SENSOR,3370,2024-08-26 19:39:56.907047
ESP32_232714,InferenceLayer.SENSOR,3941,2024-08-26 19:39:57.917003
ESP32_B57936,InferenceLayer.SENSOR,3937,2024-08-26 19:39:58.955499
ESP32_8F7400,InferenceLayer.SENSOR,4135,2024-08-26 19:39:59.991056
ESP32_3330A5,InferenceLayer.SENSOR,3998,2024-08-26 19:40:00.953223
ESP32_ED5A4D,InferenceLayer.SENSOR,827,2024-08-26 19:40:01.959616
ESP32_46B1A6,InferenceLayer.SENSOR,3097,2024-08-26 19:40:02.960274
ESP32_46978A,InferenceLayer.SENSOR,4504,2024-08-26 19:40:04.043268
ESP32_97C286,InferenceLayer.SENSOR,4093,2024-08-26 19:40:04.991563
ESP32_AABBCC,InferenceLayer.SENSOR,768,2024-08-26 19:40:16.121990
ESP32_09B38F,InferenceLayer.SENSOR,2049,2024-08-26 19:40:17.084342
ESP32_232714,InferenceLayer.SENSOR,3618,2024-08-26 19:40:18.107255
ESP32_B57936,InferenceLayer.SENSOR,3953,2024-08-26 19:40:19.073966
ESP32_8F7400,InferenceLayer.SENSOR,3928,2024-08-26 19:40:20.092048
ESP32_3330A5,InferenceLayer.SENSOR,3334,2024-08-26 19:40:21.144292
ESP32_ED5A4D,InferenceLayer.SENSOR,1005,2024-08-26 19:40:22.096484
ESP32_46B1A6,InferenceLayer.SENSOR,3968,2024-08-26 19:40:23.113650
ESP32_46978A,InferenceLayer.SENSOR,4110,2024-08-26 19:40:24.121102
ESP32_97C286,InferenceLayer.SENSOR,3953,2024-08-26 19:40:25.151285
ESP32_AABBCC,InferenceLayer.SENSOR,3892,2024-08-26 19:40:36.289155
ESP32_09B38F,InferenceLayer.SENSOR,3023,2024-08-26 19:40:37.235378
ESP32_232714,InferenceLayer.SENSOR,3340,2024-08-26 19:40:38.262203
ESP32_B57936,InferenceLayer.SENSOR,4107,2024-08-26 19:40:39.254788
ESP32_8F7400,InferenceLayer.SENSOR,4049,2024-08-26 19:40:40.247623
ESP32_3330A5,InferenceLayer.SENSOR,4268,2024-08-26 19:40:41.310627
ESP32_ED5A4D,InferenceLayer.SENSOR,987,2024-08-26 19:40:42.287782
ESP32_46B1A6,InferenceLayer.SENSOR,4072,2024-08-26 19:40:43.298996
ESP32_46978A,InferenceLayer.SENSOR,4063,2024-08-26 19:40:44.372729
ESP32_97C286,InferenceLayer.SENSOR,3936,2024-08-26 19:40:45.284631
ESP32_AABBCC,InferenceLayer.SENSOR,4081,2024-08-26 19:40:56.393976
ESP32_09B38F,InferenceLayer.SENSOR,752,2024-08-26 19:40:57.374655
ESP32_232714,InferenceLayer.SENSOR,3910,2024-08-26 19:40:58.452616
ESP32_B57936,InferenceLayer.SENSOR,1182,2024-08-26 19:40:59.835894
ESP32_AABBCC,InferenceLayer.SENSOR,3170,2024-08-26 20:14:01.825489
ESP32_09B38F,InferenceLayer.SENSOR,4291,2024-08-26 20:14:02.760909
ESP32_232714,InferenceLayer.SENSOR,5274,2024-08-26 20:14:03.769176
ESP32_B57936,InferenceLayer.SENSOR,4024,2024-08-26 20:14:04.839932
ESP32_8F7400,InferenceLayer.SENSOR,2764,2024-08-26 20:14:05.818134
ESP32_3330A5,InferenceLayer.SENSOR,3006,2024-08-26 20:14:06.870594
ESP32_ED5A4D,InferenceLayer.SENSOR,1062,2024-08-26 20:14:07.819426
ESP32_46B1A6,InferenceLayer.SENSOR,3190,2024-08-26 20:14:08.824702
ESP32_46978A,InferenceLayer.SENSOR,4117,2024-08-26 20:14:09.855695
ESP32_97C286,InferenceLayer.SENSOR,3583,2024-08-26 20:14:10.837791
ESP32_AABBCC,InferenceLayer.SENSOR,1781,2024-08-26 20:14:22.372055
ESP32_09B38F,InferenceLayer.SENSOR,1176,2024-08-26 20:14:23.342729
ESP32_232714,InferenceLayer.SENSOR,3989,2024-08-26 20:14:24.338360
ESP32_B57936,InferenceLayer.SENSOR,4150,2024-08-26 20:14:25.323942
ESP32_8F7400,InferenceLayer.SENSOR,1791,2024-08-26 20:14:26.361812
ESP32_3330A5,InferenceLayer.SENSOR,4079,2024-08-26 20:14:27.413212
ESP32_ED5A4D,InferenceLayer.SENSOR,930,2024-08-26 20:14:28.372417
ESP32_46B1A6,InferenceLayer.SENSOR,4141,2024-08-26 20:14:29.377334
ESP32_46978A,InferenceLayer.SENSOR,4036,2024-08-26 20:14:30.412692
ESP32_97C286,InferenceLayer.SENSOR,4029,2024-08-26 20:14:31.402027
ESP32_AABBCC,InferenceLayer.SENSOR,3510,2024-08-26 20:14:42.978809
ESP32_09B38F,InferenceLayer.SENSOR,1978,2024-08-26 20:14:43.881156
ESP32_8F7400,InferenceLayer.SENSOR,3993,2024-08-26 19:41:00.413076
ESP32_3330A5,InferenceLayer.SENSOR,4146,2024-08-26 19:41:01.408980
ESP32_ED5A4D,InferenceLayer.SENSOR,1135,2024-08-26 19:41:02.447544
ESP32_46B1A6,InferenceLayer.SENSOR,3942,2024-08-26 19:41:03.495185
ESP32_46978A,InferenceLayer.SENSOR,3966,2024-08-26 19:41:04.450240
ESP32_97C286,InferenceLayer.SENSOR,4135,2024-08-26 19:41:05.457794
ESP32_AABBCC,InferenceLayer.SENSOR,3883,2024-08-26 19:41:16.581367
ESP32_09B38F,InferenceLayer.SENSOR,2019,2024-08-26 19:41:17.526113
ESP32_232714,InferenceLayer.SENSOR,3834,2024-08-26 19:41:18.541547
ESP32_B57936,InferenceLayer.SENSOR,4198,2024-08-26 19:41:19.544633
ESP32_8F7400,InferenceLayer.SENSOR,4127,2024-08-26 19:41:20.579249
ESP32_3330A5,InferenceLayer.SENSOR,3957,2024-08-26 19:41:21.648918
ESP32_ED5A4D,InferenceLayer.SENSOR,965,2024-08-26 19:41:22.582809
ESP32_46B1A6,InferenceLayer.SENSOR,4013,2024-08-26 19:41:23.590991
ESP32_46978A,InferenceLayer.SENSOR,4167,2024-08-26 19:41:24.591831
ESP32_97C286,InferenceLayer.SENSOR,2905,2024-08-26 19:41:25.608170
ESP32_AABBCC,InferenceLayer.SENSOR,1186,2024-08-26 19:41:36.737844
ESP32_09B38F,InferenceLayer.SENSOR,2913,2024-08-26 19:41:37.681697
ESP32_232714,InferenceLayer.SENSOR,888,2024-08-26 19:41:38.686152
ESP32_B57936,InferenceLayer.SENSOR,3172,2024-08-26 19:41:39.741618
ESP32_8F7400,InferenceLayer.SENSOR,739,2024-08-26 19:41:40.706703
ESP32_3330A5,InferenceLayer.SENSOR,4192,2024-08-26 19:41:41.773273
ESP32_ED5A4D,InferenceLayer.SENSOR,1437,2024-08-26 19:41:42.723133
ESP32_46B1A6,InferenceLayer.SENSOR,3480,2024-08-26 19:41:43.751450
ESP32_46978A,InferenceLayer.SENSOR,3923,2024-08-26 19:41:44.768328
ESP32_97C286,InferenceLayer.SENSOR,3916,2024-08-26 19:41:45.783235
ESP32_AABBCC,InferenceLayer.SENSOR,855,2024-08-26 19:41:56.815320
ESP32_09B38F,InferenceLayer.SENSOR,3181,2024-08-26 19:41:57.894520
ESP32_232714,InferenceLayer.SENSOR,4175,2024-08-26 19:41:58.872388
ESP32_B57936,InferenceLayer.SENSOR,3936,2024-08-26 19:41:59.929741
ESP32_8F7400,InferenceLayer.SENSOR,3922,2024-08-26 19:42:00.871185
ESP32_3330A5,InferenceLayer.SENSOR,1063,2024-08-26 19:42:01.854593
ESP32_ED5A4D,InferenceLayer.SENSOR,831,2024-08-26 19:42:02.863323
ESP32_46B1A6,InferenceLayer.SENSOR,3796,2024-08-26 19:42:03.963243
ESP32_46978A,InferenceLayer.SENSOR,4147,2024-08-26 19:42:04.889615
ESP32_97C286,InferenceLayer.SENSOR,3954,2024-08-26 19:42:05.964375
ESP32_AABBCC,InferenceLayer.SENSOR,2807,2024-08-26 19:42:17.045964
ESP32_09B38F,InferenceLayer.SENSOR,1336,2024-08-26 19:42:17.974363
ESP32_232714,InferenceLayer.SENSOR,4313,2024-08-26 19:42:18.991439
ESP32_B57936,InferenceLayer.SENSOR,1001,2024-08-26 19:42:19.997526
ESP32_8F7400,InferenceLayer.SENSOR,2566,2024-08-26 19:42:21.028460
ESP32_3330A5,InferenceLayer.SENSOR,1039,2024-08-26 19:42:22.091320
ESP32_ED5A4D,InferenceLayer.SENSOR,1240,2024-08-26 19:42:23.026647
ESP32_46B1A6,InferenceLayer.SENSOR,898,2024-08-26 19:42:24.049798
ESP32_46978A,InferenceLayer.SENSOR,3156,2024-08-26 19:42:25.032804
ESP32_97C286,InferenceLayer.SENSOR,1536,2024-08-26 19:42:26.029212
ESP32_AABBCC,InferenceLayer.SENSOR,3906,2024-08-26 19:42:37.203531
ESP32_09B38F,InferenceLayer.SENSOR,2236,2024-08-26 19:42:38.123172
ESP32_232714,InferenceLayer.SENSOR,2670,2024-08-26 19:42:39.152656
ESP32_B57936,InferenceLayer.SENSOR,4194,2024-08-26 19:42:40.126337
ESP32_8F7400,InferenceLayer.SENSOR,3951,2024-08-26 19:42:41.181247
ESP32_3330A5,InferenceLayer.SENSOR,3939,2024-08-26 19:42:42.229912
ESP32_ED5A4D,InferenceLayer.SENSOR,1190,2024-08-26 19:42:43.167955
ESP32_46B1A6,InferenceLayer.SENSOR,2560,2024-08-26 19:42:44.166496
ESP32_46978A,InferenceLayer.SENSOR,3917,2024-08-26 19:42:45.201222
ESP32_97C286,InferenceLayer.SENSOR,3414,2024-08-26 19:42:46.214390
ESP32_AABBCC,InferenceLayer.SENSOR,3959,2024-08-26 19:42:57.335168
ESP32_09B38F,InferenceLayer.SENSOR,4560,2024-08-26 19:42:58.273431
ESP32_232714,InferenceLayer.SENSOR,3961,2024-08-26 19:42:59.281525
ESP32_B57936,InferenceLayer.SENSOR,4282,2024-08-26 19:43:00.331593
ESP32_232714,InferenceLayer.SENSOR,4145,2024-08-26 20:14:44.913593
ESP32_B57936,InferenceLayer.SENSOR,2832,2024-08-26 20:14:45.893845
ESP32_8F7400,InferenceLayer.SENSOR,3517,2024-08-26 20:14:46.933147
ESP32_3330A5,InferenceLayer.SENSOR,4148,2024-08-26 20:14:47.972852
ESP32_ED5A4D,InferenceLayer.SENSOR,908,2024-08-26 20:14:48.958547
ESP32_46B1A6,InferenceLayer.SENSOR,4245,2024-08-26 20:14:49.932059
ESP32_46978A,InferenceLayer.SENSOR,1775,2024-08-26 20:14:51.001296
ESP32_97C286,InferenceLayer.SENSOR,4421,2024-08-26 20:14:51.965707
ESP32_AABBCC,InferenceLayer.SENSOR,3152,2024-08-26 20:15:03.470972
ESP32_09B38F,InferenceLayer.SENSOR,2161,2024-08-26 20:15:04.427855
ESP32_232714,InferenceLayer.SENSOR,4128,2024-08-26 20:15:05.469617
ESP32_B57936,InferenceLayer.SENSOR,3577,2024-08-26 20:15:06.453251
ESP32_8F7400,InferenceLayer.SENSOR,1621,2024-08-26 20:15:07.457523
ESP32_3330A5,InferenceLayer.SENSOR,3958,2024-08-26 20:15:08.543775
ESP32_ED5A4D,InferenceLayer.SENSOR,727,2024-08-26 20:15:09.501171
ESP32_46B1A6,InferenceLayer.SENSOR,4019,2024-08-26 20:15:10.476192
ESP32_46978A,InferenceLayer.SENSOR,973,2024-08-26 20:15:11.490760
ESP32_97C286,InferenceLayer.SENSOR,3944,2024-08-26 20:15:12.546248
ESP32_AABBCC,InferenceLayer.SENSOR,1723,2024-08-26 20:15:24.017815
ESP32_09B38F,InferenceLayer.SENSOR,2047,2024-08-26 20:15:25.001801
ESP32_232714,InferenceLayer.SENSOR,1198,2024-08-26 20:15:25.988158
ESP32_8F7400,InferenceLayer.SENSOR,1683,2024-08-26 19:43:01.335872
ESP32_3330A5,InferenceLayer.SENSOR,2576,2024-08-26 19:43:02.367230
ESP32_ED5A4D,InferenceLayer.SENSOR,763,2024-08-26 19:43:03.318093
ESP32_46B1A6,InferenceLayer.SENSOR,4145,2024-08-26 19:43:04.322198
ESP32_46978A,InferenceLayer.SENSOR,917,2024-08-26 19:43:05.341287
ESP32_97C286,InferenceLayer.SENSOR,4011,2024-08-26 19:43:06.347797
ESP32_AABBCC,InferenceLayer.SENSOR,3891,2024-08-26 19:43:17.488132
ESP32_09B38F,InferenceLayer.SENSOR,1702,2024-08-26 19:43:18.455696
ESP32_232714,InferenceLayer.SENSOR,4007,2024-08-26 19:43:19.440351
ESP32_B57936,InferenceLayer.SENSOR,2361,2024-08-26 19:43:20.444805
ESP32_8F7400,InferenceLayer.SENSOR,3900,2024-08-26 19:43:21.453795
ESP32_3330A5,InferenceLayer.SENSOR,1485,2024-08-26 19:43:22.534819
ESP32_ED5A4D,InferenceLayer.SENSOR,1016,2024-08-26 19:43:23.471433
ESP32_46B1A6,InferenceLayer.SENSOR,3164,2024-08-26 19:43:24.497624
ESP32_46978A,InferenceLayer.SENSOR,4155,2024-08-26 19:43:25.515907
ESP32_97C286,InferenceLayer.SENSOR,3364,2024-08-26 19:43:26.519548
ESP32_AABBCC,InferenceLayer.SENSOR,4145,2024-08-26 19:43:37.642345
ESP32_09B38F,InferenceLayer.SENSOR,2073,2024-08-26 19:43:38.582533
ESP32_232714,InferenceLayer.SENSOR,3395,2024-08-26 19:43:39.611555
ESP32_B57936,InferenceLayer.SENSOR,3964,2024-08-26 19:43:40.595525
ESP32_8F7400,InferenceLayer.SENSOR,4236,2024-08-26 19:43:41.610262
ESP32_3330A5,InferenceLayer.SENSOR,1588,2024-08-26 19:43:42.669120
ESP32_ED5A4D,InferenceLayer.SENSOR,1189,2024-08-26 19:43:43.646998
ESP32_46B1A6,InferenceLayer.SENSOR,1031,2024-08-26 19:43:44.657080
ESP32_46978A,InferenceLayer.SENSOR,2664,2024-08-26 19:43:45.662267
ESP32_97C286,InferenceLayer.SENSOR,948,2024-08-26 19:43:46.649648
ESP32_AABBCC,InferenceLayer.SENSOR,2337,2024-08-26 19:43:57.711897
ESP32_09B38F,InferenceLayer.SENSOR,1760,2024-08-26 19:43:58.800277
ESP32_232714,InferenceLayer.SENSOR,3740,2024-08-26 19:43:59.757921
ESP32_B57936,InferenceLayer.SENSOR,3974,2024-08-26 19:44:00.747139
ESP32_8F7400,InferenceLayer.SENSOR,3961,2024-08-26 19:44:01.752580
ESP32_3330A5,InferenceLayer.SENSOR,3966,2024-08-26 19:44:02.772357
ESP32_ED5A4D,InferenceLayer.SENSOR,1009,2024-08-26 19:44:03.851160
ESP32_46B1A6,InferenceLayer.SENSOR,4158,2024-08-26 19:44:04.770503
ESP32_46978A,InferenceLayer.SENSOR,4106,2024-08-26 19:44:05.792515
ESP32_97C286,InferenceLayer.SENSOR,3929,2024-08-26 19:44:06.829854
ESP32_AABBCC,InferenceLayer.SENSOR,3961,2024-08-26 19:44:17.911695
ESP32_09B38F,InferenceLayer.SENSOR,1548,2024-08-26 19:44:18.876262
ESP32_232714,InferenceLayer.SENSOR,3501,2024-08-26 19:44:19.886504
ESP32_B57936,InferenceLayer.SENSOR,3228,2024-08-26 19:44:20.929120
ESP32_8F7400,InferenceLayer.SENSOR,997,2024-08-26 19:44:21.899229
ESP32_3330A5,InferenceLayer.SENSOR,3928,2024-08-26 19:44:23.001755
ESP32_ED5A4D,InferenceLayer.SENSOR,948,2024-08-26 19:44:23.939159
ESP32_46B1A6,InferenceLayer.SENSOR,3991,2024-08-26 19:44:24.951582
ESP32_46978A,InferenceLayer.SENSOR,1440,2024-08-26 19:44:25.982289
ESP32_97C286,InferenceLayer.SENSOR,1045,2024-08-26 19:44:27.001632
ESP32_AABBCC,InferenceLayer.SENSOR,3449,2024-08-26 19:44:38.143596
ESP32_09B38F,InferenceLayer.SENSOR,1995,2024-08-26 19:44:39.093561
ESP32_232714,InferenceLayer.SENSOR,2623,2024-08-26 19:44:40.079340
ESP32_B57936,InferenceLayer.SENSOR,3114,2024-08-26 19:44:41.111751
ESP32_8F7400,InferenceLayer.SENSOR,3956,2024-08-26 19:44:42.121242
ESP32_3330A5,InferenceLayer.SENSOR,2036,2024-08-26 19:44:43.196413
ESP32_ED5A4D,InferenceLayer.SENSOR,902,2024-08-26 19:44:44.117340
ESP32_46B1A6,InferenceLayer.SENSOR,4199,2024-08-26 19:44:45.138477
ESP32_46978A,InferenceLayer.SENSOR,4358,2024-08-26 19:44:46.162409
ESP32_97C286,InferenceLayer.SENSOR,1751,2024-08-26 19:44:47.200030
ESP32_AABBCC,InferenceLayer.SENSOR,2548,2024-08-26 19:44:58.261792
ESP32_09B38F,InferenceLayer.SENSOR,1878,2024-08-26 19:44:59.338510
ESP32_232714,InferenceLayer.SENSOR,4471,2024-08-26 19:45:00.279280
ESP32_B57936,InferenceLayer.SENSOR,3756,2024-08-26 19:45:01.285042
ESP32_8F7400,InferenceLayer.SENSOR,3708,2024-08-26 19:45:02.304019
ESP32_3330A5,InferenceLayer.SENSOR,3935,2024-08-26 19:45:03.329718
ESP32_ED5A4D,InferenceLayer.SENSOR,795,2024-08-26 19:45:04.376380
ESP32_46B1A6,InferenceLayer.SENSOR,4665,2024-08-26 19:45:05.515867
ESP32_46978A,InferenceLayer.SENSOR,6799,2024-08-26 19:45:06.348405
ESP32_97C286,InferenceLayer.SENSOR,6306,2024-08-26 19:45:07.398430
ESP32_AABBCC,InferenceLayer.SENSOR,3481,2024-08-26 19:45:18.526773
ESP32_09B38F,InferenceLayer.SENSOR,2272,2024-08-26 19:45:19.466074
ESP32_232714,InferenceLayer.SENSOR,4065,2024-08-26 19:45:20.502003
ESP32_B57936,InferenceLayer.SENSOR,4035,2024-08-26 19:45:21.499891
ESP32_8F7400,InferenceLayer.SENSOR,3986,2024-08-26 19:45:22.507748
ESP32_3330A5,InferenceLayer.SENSOR,3220,2024-08-26 19:45:23.596232
ESP32_ED5A4D,InferenceLayer.SENSOR,788,2024-08-26 19:45:24.520668
ESP32_46B1A6,InferenceLayer.SENSOR,4006,2024-08-26 19:45:25.558092
ESP32_46978A,InferenceLayer.SENSOR,3296,2024-08-26 19:45:26.557386
ESP32_97C286,InferenceLayer.SENSOR,3837,2024-08-26 19:45:27.566159
ESP32_AABBCC,InferenceLayer.SENSOR,4788,2024-08-26 19:45:38.750294
ESP32_09B38F,InferenceLayer.SENSOR,1774,2024-08-26 19:45:39.664532
ESP32_232714,InferenceLayer.SENSOR,4119,2024-08-26 19:45:40.685912
ESP32_B57936,InferenceLayer.SENSOR,3913,2024-08-26 19:45:41.728013
ESP32_8F7400,InferenceLayer.SENSOR,5477,2024-08-26 19:45:42.726357
ESP32_3330A5,InferenceLayer.SENSOR,3791,2024-08-26 19:45:43.784411
ESP32_ED5A4D,InferenceLayer.SENSOR,935,2024-08-26 19:45:44.765873
ESP32_46B1A6,InferenceLayer.SENSOR,4115,2024-08-26 19:45:45.775922
ESP32_46978A,InferenceLayer.SENSOR,4093,2024-08-26 19:45:46.778283
ESP32_97C286,InferenceLayer.SENSOR,3921,2024-08-26 19:45:47.782648
ESP32_AABBCC,InferenceLayer.SENSOR,1060,2024-08-26 19:45:58.957999
ESP32_09B38F,InferenceLayer.SENSOR,1545,2024-08-26 19:45:59.928128
ESP32_B57936,InferenceLayer.SENSOR,4042,2024-08-26 20:15:26.994097
ESP32_8F7400,InferenceLayer.SENSOR,970,2024-08-26 20:15:28.048657
ESP32_3330A5,InferenceLayer.SENSOR,3830,2024-08-26 20:15:29.060591
ESP32_ED5A4D,InferenceLayer.SENSOR,918,2024-08-26 20:15:30.012926
ESP32_46B1A6,InferenceLayer.SENSOR,3253,2024-08-26 20:15:31.030110
ESP32_46978A,InferenceLayer.SENSOR,3820,2024-08-26 20:15:32.061945
ESP32_97C286,InferenceLayer.SENSOR,4104,2024-08-26 20:15:33.043767
ESP32_AABBCC,InferenceLayer.SENSOR,1031,2024-08-26 20:15:44.601945
ESP32_09B38F,InferenceLayer.SENSOR,3712,2024-08-26 20:15:45.538370
ESP32_232714,InferenceLayer.SENSOR,873,2024-08-26 20:15:46.581966
ESP32_B57936,InferenceLayer.SENSOR,3929,2024-08-26 20:15:47.551731
ESP32_8F7400,InferenceLayer.SENSOR,1545,2024-08-26 20:15:48.543830
ESP32_3330A5,InferenceLayer.SENSOR,4056,2024-08-26 20:15:49.606765
ESP32_ED5A4D,InferenceLayer.SENSOR,932,2024-08-26 20:15:50.574551
ESP32_46B1A6,InferenceLayer.SENSOR,3899,2024-08-26 20:15:51.581357
ESP32_46978A,InferenceLayer.SENSOR,4041,2024-08-26 20:15:52.582547
ESP32_97C286,InferenceLayer.SENSOR,4338,2024-08-26 20:15:53.629545
ESP32_AABBCC,InferenceLayer.SENSOR,1182,2024-08-26 20:16:05.137462
ESP32_09B38F,InferenceLayer.SENSOR,3236,2024-08-26 20:16:06.078092
ESP32_232714,InferenceLayer.SENSOR,3983,2024-08-26 20:16:07.099888
ESP32_B57936,InferenceLayer.SENSOR,3923,2024-08-26 20:16:08.118763
ESP32_8F7400,InferenceLayer.SENSOR,4037,2024-08-26 20:16:09.147498
ESP32_3330A5,InferenceLayer.SENSOR,3983,2024-08-26 20:16:10.210392
ESP32_ED5A4D,InferenceLayer.SENSOR,982,2024-08-26 20:16:11.165437
ESP32_46B1A6,InferenceLayer.SENSOR,4208,2024-08-26 20:16:12.147617
ESP32_46978A,InferenceLayer.SENSOR,4101,2024-08-26 20:16:13.211007
ESP32_97C286,InferenceLayer.SENSOR,4273,2024-08-26 20:16:14.164032
ESP32_AABBCC,InferenceLayer.SENSOR,4031,2024-08-26 20:16:25.677639
ESP32_09B38F,InferenceLayer.SENSOR,3959,2024-08-26 20:16:26.638978
ESP32_232714,InferenceLayer.SENSOR,2408,2024-08-26 20:16:27.661461
ESP32_B57936,InferenceLayer.SENSOR,3346,2024-08-26 20:16:28.655255
ESP32_8F7400,InferenceLayer.SENSOR,3819,2024-08-26 20:16:29.687857
ESP32_3330A5,InferenceLayer.SENSOR,4248,2024-08-26 20:16:30.729296
ESP32_ED5A4D,InferenceLayer.SENSOR,1029,2024-08-26 20:16:31.732537
ESP32_46B1A6,InferenceLayer.SENSOR,4197,2024-08-26 20:16:32.694637
ESP32_46978A,InferenceLayer.SENSOR,4115,2024-08-26 20:16:33.733393
ESP32_97C286,InferenceLayer.SENSOR,3955,2024-08-26 20:16:34.707544
ESP32_AABBCC,InferenceLayer.SENSOR,3419,2024-08-26 20:16:46.289640
ESP32_09B38F,InferenceLayer.SENSOR,3027,2024-08-26 20:16:47.224513
ESP32_232714,InferenceLayer.SENSOR,3711,2024-08-26 20:16:48.223038
ESP32_B57936,InferenceLayer.SENSOR,4193,2024-08-26 20:16:49.222561
ESP32_8F7400,InferenceLayer.SENSOR,4007,2024-08-26 20:16:50.228261
ESP32_3330A5,InferenceLayer.SENSOR,3927,2024-08-26 20:16:51.323514
ESP32_ED5A4D,InferenceLayer.SENSOR,784,2024-08-26 20:16:52.285363
ESP32_46B1A6,InferenceLayer.SENSOR,3962,2024-08-26 20:16:53.284559
ESP32_46978A,InferenceLayer.SENSOR,3988,2024-08-26 20:16:54.292790
ESP32_97C286,InferenceLayer.SENSOR,3917,2024-08-26 20:16:55.262944
ESP32_AABBCC,InferenceLayer.SENSOR,3489,2024-08-26 20:17:06.787163
ESP32_09B38F,InferenceLayer.SENSOR,1925,2024-08-26 20:17:07.758340
ESP32_232714,InferenceLayer.SENSOR,3993,2024-08-26 20:17:08.762130
ESP32_B57936,InferenceLayer.SENSOR,3792,2024-08-26 20:17:09.796512
ESP32_8F7400,InferenceLayer.SENSOR,3990,2024-08-26 20:17:10.805556
ESP32_3330A5,InferenceLayer.SENSOR,4311,2024-08-26 20:17:11.869661
ESP32_ED5A4D,InferenceLayer.SENSOR,1273,2024-08-26 20:17:12.794653
ESP32_46B1A6,InferenceLayer.SENSOR,4113,2024-08-26 20:17:13.809024
ESP32_46978A,InferenceLayer.SENSOR,2838,2024-08-26 20:17:14.833888
ESP32_97C286,InferenceLayer.SENSOR,5147,2024-08-26 20:17:15.822439
ESP32_AABBCC,InferenceLayer.SENSOR,4130,2024-08-26 20:17:27.428581
ESP32_09B38F,InferenceLayer.SENSOR,1716,2024-08-26 20:17:28.373129
ESP32_232714,InferenceLayer.SENSOR,4006,2024-08-26 20:17:29.315825
ESP32_B57936,InferenceLayer.SENSOR,3902,2024-08-26 20:17:30.337540
ESP32_8F7400,InferenceLayer.SENSOR,4234,2024-08-26 20:17:31.385560
ESP32_3330A5,InferenceLayer.SENSOR,3176,2024-08-26 20:17:32.419657
ESP32_ED5A4D,InferenceLayer.SENSOR,865,2024-08-26 20:17:33.364892
ESP32_46B1A6,InferenceLayer.SENSOR,3965,2024-08-26 20:17:34.375976
ESP32_46978A,InferenceLayer.SENSOR,3953,2024-08-26 20:17:35.437212
ESP32_97C286,InferenceLayer.SENSOR,3998,2024-08-26 20:17:36.455533
ESP32_AABBCC,InferenceLayer.SENSOR,4304,2024-08-26 20:17:47.922616
ESP32_09B38F,InferenceLayer.SENSOR,1633,2024-08-26 20:17:48.912291
ESP32_232714,InferenceLayer.SENSOR,4044,2024-08-26 20:17:49.877652
ESP32_B57936,InferenceLayer.SENSOR,3279,2024-08-26 20:17:50.915676
ESP32_8F7400,InferenceLayer.SENSOR,3200,2024-08-26 20:17:51.910716
ESP32_3330A5,InferenceLayer.SENSOR,2903,2024-08-26 20:17:52.965010
ESP32_ED5A4D,InferenceLayer.SENSOR,1256,2024-08-26 20:17:53.914080
ESP32_232714,InferenceLayer.SENSOR,1683,2024-08-26 19:46:00.906633
ESP32_B57936,InferenceLayer.SENSOR,2921,2024-08-26 19:46:01.904003
ESP32_8F7400,InferenceLayer.SENSOR,3957,2024-08-26 19:46:02.904107
ESP32_3330A5,InferenceLayer.SENSOR,3921,2024-08-26 19:46:03.976916
ESP32_ED5A4D,InferenceLayer.SENSOR,834,2024-08-26 19:46:04.958666
ESP32_46B1A6,InferenceLayer.SENSOR,2698,2024-08-26 19:46:05.968880
ESP32_46978A,InferenceLayer.SENSOR,2907,2024-08-26 19:46:06.946943
ESP32_97C286,InferenceLayer.SENSOR,2718,2024-08-26 19:46:07.997342
ESP32_AABBCC,InferenceLayer.SENSOR,4108,2024-08-26 19:46:19.097759
ESP32_09B38F,InferenceLayer.SENSOR,1993,2024-08-26 19:46:20.051431
ESP32_232714,InferenceLayer.SENSOR,4077,2024-08-26 19:46:21.094718
ESP32_B57936,InferenceLayer.SENSOR,830,2024-08-26 19:46:22.079937
ESP32_8F7400,InferenceLayer.SENSOR,3965,2024-08-26 19:46:23.092242
ESP32_3330A5,InferenceLayer.SENSOR,953,2024-08-26 19:46:24.153315
ESP32_ED5A4D,InferenceLayer.SENSOR,964,2024-08-26 19:46:25.106743
ESP32_46B1A6,InferenceLayer.SENSOR,3686,2024-08-26 19:46:26.143759
ESP32_46978A,InferenceLayer.SENSOR,961,2024-08-26 19:46:27.130937
ESP32_97C286,InferenceLayer.SENSOR,3963,2024-08-26 19:46:28.155984
ESP32_AABBCC,InferenceLayer.SENSOR,3918,2024-08-26 19:46:39.286590
ESP32_09B38F,InferenceLayer.SENSOR,903,2024-08-26 19:46:40.203222
ESP32_232714,InferenceLayer.SENSOR,4122,2024-08-26 19:46:41.235750
ESP32_B57936,InferenceLayer.SENSOR,814,2024-08-26 19:46:42.231676
ESP32_8F7400,InferenceLayer.SENSOR,4215,2024-08-26 19:46:43.230825
ESP32_3330A5,InferenceLayer.SENSOR,3972,2024-08-26 19:46:44.336973
ESP32_ED5A4D,InferenceLayer.SENSOR,1117,2024-08-26 19:46:45.237986
ESP32_46B1A6,InferenceLayer.SENSOR,3352,2024-08-26 19:46:46.251037
ESP32_46978A,InferenceLayer.SENSOR,3913,2024-08-26 19:46:47.261547
ESP32_97C286,InferenceLayer.SENSOR,3240,2024-08-26 19:46:48.272067
ESP32_AABBCC,InferenceLayer.SENSOR,4065,2024-08-26 19:46:59.421765
ESP32_09B38F,InferenceLayer.SENSOR,1754,2024-08-26 19:47:00.355242
ESP32_232714,InferenceLayer.SENSOR,3782,2024-08-26 19:47:01.350889
ESP32_B57936,InferenceLayer.SENSOR,3607,2024-08-26 19:47:02.401879
ESP32_8F7400,InferenceLayer.SENSOR,3599,2024-08-26 19:47:03.405827
ESP32_3330A5,InferenceLayer.SENSOR,4116,2024-08-26 19:47:04.473518
ESP32_ED5A4D,InferenceLayer.SENSOR,1133,2024-08-26 19:47:05.424547
ESP32_46B1A6,InferenceLayer.SENSOR,3916,2024-08-26 19:47:06.422371
ESP32_46978A,InferenceLayer.SENSOR,5527,2024-08-26 19:47:07.418759
ESP32_97C286,InferenceLayer.SENSOR,2782,2024-08-26 19:47:08.430301
ESP32_AABBCC,InferenceLayer.SENSOR,884,2024-08-26 20:05:27.912803
ESP32_09B38F,InferenceLayer.SENSOR,3506,2024-08-26 20:05:28.983947
ESP32_232714,InferenceLayer.SENSOR,2745,2024-08-26 20:05:29.927482
ESP32_B57936,InferenceLayer.SENSOR,2918,2024-08-26 20:05:30.963719
ESP32_8F7400,InferenceLayer.SENSOR,4273,2024-08-26 20:05:31.967636
ESP32_3330A5,InferenceLayer.SENSOR,1225,2024-08-26 20:05:33.047865
ESP32_ED5A4D,InferenceLayer.SENSOR,857,2024-08-26 20:05:33.976185
ESP32_46B1A6,InferenceLayer.SENSOR,4097,2024-08-26 20:05:34.977088
ESP32_46978A,InferenceLayer.SENSOR,3898,2024-08-26 20:05:36.019817
ESP32_97C286,InferenceLayer.SENSOR,3954,2024-08-26 20:05:37.038368
ESP32_AABBCC,InferenceLayer.SENSOR,3929,2024-08-26 20:05:48.560637
ESP32_09B38F,InferenceLayer.SENSOR,3650,2024-08-26 20:05:49.474232
ESP32_232714,InferenceLayer.SENSOR,3984,2024-08-26 20:05:50.495442
ESP32_B57936,InferenceLayer.SENSOR,1176,2024-08-26 20:05:51.490427
ESP32_8F7400,InferenceLayer.SENSOR,4020,2024-08-26 20:05:52.505100
ESP32_3330A5,InferenceLayer.SENSOR,3966,2024-08-26 20:05:53.597852
ESP32_ED5A4D,InferenceLayer.SENSOR,925,2024-08-26 20:05:54.547967
ESP32_46B1A6,InferenceLayer.SENSOR,3571,2024-08-26 20:05:55.563545
ESP32_46978A,InferenceLayer.SENSOR,4031,2024-08-26 20:05:56.562720
ESP32_97C286,InferenceLayer.SENSOR,3956,2024-08-26 20:05:57.558891
ESP32_AABBCC,InferenceLayer.SENSOR,4095,2024-08-26 20:06:09.088144
ESP32_09B38F,InferenceLayer.SENSOR,2804,2024-08-26 20:06:10.049037
ESP32_232714,InferenceLayer.SENSOR,3166,2024-08-26 20:06:11.064988
ESP32_B57936,InferenceLayer.SENSOR,3717,2024-08-26 20:06:12.188131
ESP32_8F7400,InferenceLayer.SENSOR,1953,2024-08-26 20:06:13.066561
ESP32_3330A5,InferenceLayer.SENSOR,3998,2024-08-26 20:06:14.151373
ESP32_ED5A4D,InferenceLayer.SENSOR,868,2024-08-26 20:06:15.083550
ESP32_46B1A6,InferenceLayer.SENSOR,3777,2024-08-26 20:06:16.133470
ESP32_46978A,InferenceLayer.SENSOR,1550,2024-08-26 20:06:17.099506
ESP32_97C286,InferenceLayer.SENSOR,4013,2024-08-26 20:06:18.111982
ESP32_AABBCC,InferenceLayer.SENSOR,3954,2024-08-26 20:06:29.642792
ESP32_09B38F,InferenceLayer.SENSOR,1792,2024-08-26 20:06:30.595539
ESP32_232714,InferenceLayer.SENSOR,4011,2024-08-26 20:06:31.618616
ESP32_B57936,InferenceLayer.SENSOR,4100,2024-08-26 20:06:32.635101
ESP32_8F7400,InferenceLayer.SENSOR,1716,2024-08-26 20:06:33.648761
ESP32_3330A5,InferenceLayer.SENSOR,4057,2024-08-26 20:06:34.719767
ESP32_ED5A4D,InferenceLayer.SENSOR,770,2024-08-26 20:06:35.642187
ESP32_46B1A6,InferenceLayer.SENSOR,4000,2024-08-26 20:06:36.671187
ESP32_46978A,InferenceLayer.SENSOR,833,2024-08-26 20:06:37.650076
ESP32_97C286,InferenceLayer.SENSOR,4123,2024-08-26 20:06:38.666318
ESP32_AABBCC,InferenceLayer.SENSOR,1612,2024-08-26 20:06:50.221315
ESP32_09B38F,InferenceLayer.SENSOR,2386,2024-08-26 20:06:51.144089
ESP32_232714,InferenceLayer.SENSOR,1165,2024-08-26 20:06:52.194073
ESP32_B57936,InferenceLayer.SENSOR,4054,2024-08-26 20:06:53.197323
ESP32_8F7400,InferenceLayer.SENSOR,909,2024-08-26 20:06:54.185562
ESP32_3330A5,InferenceLayer.SENSOR,4345,2024-08-26 20:06:55.224877
ESP32_ED5A4D,InferenceLayer.SENSOR,719,2024-08-26 20:06:56.172663
ESP32_46B1A6,InferenceLayer.SENSOR,4204,2024-08-26 20:06:57.210046
ESP32_46978A,InferenceLayer.SENSOR,1359,2024-08-26 20:06:58.189687
ESP32_97C286,InferenceLayer.SENSOR,3909,2024-08-26 20:06:59.195532
ESP32_46B1A6,InferenceLayer.SENSOR,2745,2024-08-26 20:17:54.953142
ESP32_46978A,InferenceLayer.SENSOR,2555,2024-08-26 20:17:55.931423
ESP32_97C286,InferenceLayer.SENSOR,3014,2024-08-26 20:17:56.974145
ESP32_3330A5,InferenceLayer.SENSOR,2933,2024-08-26 20:21:18.549353
ESP32_ED5A4D,InferenceLayer.SENSOR,874,2024-08-26 20:21:19.466521
ESP32_46B1A6,InferenceLayer.SENSOR,4237,2024-08-26 20:21:20.470756
ESP32_46978A,InferenceLayer.SENSOR,3982,2024-08-26 20:21:21.511177
ESP32_97C286,InferenceLayer.SENSOR,4085,2024-08-26 20:21:22.484206
ESP32_AABBCC,InferenceLayer.SENSOR,4073,2024-08-26 20:21:34.004569
ESP32_09B38F,InferenceLayer.SENSOR,1809,2024-08-26 20:21:34.975478
ESP32_232714,InferenceLayer.SENSOR,3174,2024-08-26 20:21:36.001429
ESP32_B57936,InferenceLayer.SENSOR,4022,2024-08-26 20:21:37.029974
ESP32_8F7400,InferenceLayer.SENSOR,4056,2024-08-26 20:21:38.009500
ESP32_3330A5,InferenceLayer.SENSOR,1750,2024-08-26 20:21:39.102248
ESP32_ED5A4D,InferenceLayer.SENSOR,763,2024-08-26 20:21:40.049202
ESP32_46B1A6,InferenceLayer.SENSOR,3945,2024-08-26 20:21:41.054476
ESP32_46978A,InferenceLayer.SENSOR,4016,2024-08-26 20:21:42.036193
ESP32_97C286,InferenceLayer.SENSOR,3184,2024-08-26 20:21:43.055013
ESP32_AABBCC,InferenceLayer.SENSOR,3935,2024-08-26 20:21:54.531927
ESP32_09B38F,InferenceLayer.SENSOR,2866,2024-08-26 20:21:55.580210
ESP32_232714,InferenceLayer.SENSOR,3943,2024-08-26 20:21:56.577830
ESP32_B57936,InferenceLayer.SENSOR,4176,2024-08-26 20:21:57.569586
ESP32_8F7400,InferenceLayer.SENSOR,955,2024-08-26 20:21:58.595383
ESP32_3330A5,InferenceLayer.SENSOR,2560,2024-08-26 20:21:59.593871
ESP32_ED5A4D,InferenceLayer.SENSOR,1072,2024-08-26 20:22:00.577289
ESP32_46B1A6,InferenceLayer.SENSOR,3343,2024-08-26 20:22:01.612691
ESP32_46978A,InferenceLayer.SENSOR,4022,2024-08-26 20:22:02.625261
ESP32_97C286,InferenceLayer.SENSOR,1104,2024-08-26 20:22:03.685639
ESP32_AABBCC,InferenceLayer.SENSOR,3070,2024-08-26 20:22:15.143732
ESP32_09B38F,InferenceLayer.SENSOR,2099,2024-08-26 20:22:16.089914
ESP32_232714,InferenceLayer.SENSOR,4086,2024-08-26 20:22:17.120003
ESP32_B57936,InferenceLayer.SENSOR,4000,2024-08-26 20:22:18.123821
ESP32_8F7400,InferenceLayer.SENSOR,3947,2024-08-26 20:22:19.126789
ESP32_3330A5,InferenceLayer.SENSOR,1757,2024-08-26 20:22:20.169501
ESP32_ED5A4D,InferenceLayer.SENSOR,776,2024-08-26 20:22:21.127038
ESP32_46B1A6,InferenceLayer.SENSOR,4097,2024-08-26 20:22:22.214424
ESP32_46978A,InferenceLayer.SENSOR,3424,2024-08-26 20:22:23.178532
ESP32_97C286,InferenceLayer.SENSOR,4029,2024-08-26 20:22:24.171069
ESP32_AABBCC,InferenceLayer.SENSOR,3905,2024-08-26 20:22:35.708929
ESP32_09B38F,InferenceLayer.SENSOR,2152,2024-08-26 20:22:36.651787
ESP32_232714,InferenceLayer.SENSOR,3203,2024-08-26 20:22:37.667195
ESP32_B57936,InferenceLayer.SENSOR,1556,2024-08-26 20:22:38.673209
ESP32_8F7400,InferenceLayer.SENSOR,4146,2024-08-26 20:22:39.698297
ESP32_3330A5,InferenceLayer.SENSOR,4052,2024-08-26 20:22:40.779925
ESP32_ED5A4D,InferenceLayer.SENSOR,1048,2024-08-26 20:22:41.681340
ESP32_46B1A6,InferenceLayer.SENSOR,4055,2024-08-26 20:22:42.701248
ESP32_46978A,InferenceLayer.SENSOR,2118,2024-08-26 20:22:43.701695
ESP32_97C286,InferenceLayer.SENSOR,3754,2024-08-26 20:22:44.740134
ESP32_AABBCC,InferenceLayer.SENSOR,3980,2024-08-26 20:22:56.195638
ESP32_09B38F,InferenceLayer.SENSOR,1831,2024-08-26 20:22:57.254422
ESP32_232714,InferenceLayer.SENSOR,3590,2024-08-26 20:22:58.229995
ESP32_B57936,InferenceLayer.SENSOR,1605,2024-08-26 20:22:59.259296
ESP32_8F7400,InferenceLayer.SENSOR,4193,2024-08-26 20:23:00.242312
ESP32_3330A5,InferenceLayer.SENSOR,4155,2024-08-26 20:23:01.232179
ESP32_ED5A4D,InferenceLayer.SENSOR,824,2024-08-26 20:23:02.330552
ESP32_46B1A6,InferenceLayer.SENSOR,4224,2024-08-26 20:23:03.250525
ESP32_46978A,InferenceLayer.SENSOR,3933,2024-08-26 20:23:04.262189
ESP32_97C286,InferenceLayer.SENSOR,2909,2024-08-26 20:23:05.278822
ESP32_AABBCC,InferenceLayer.SENSOR,3985,2024-08-26 20:23:16.815467
ESP32_09B38F,InferenceLayer.SENSOR,2128,2024-08-26 20:23:17.757625
ESP32_232714,InferenceLayer.SENSOR,3940,2024-08-26 20:23:18.803570
ESP32_B57936,InferenceLayer.SENSOR,3599,2024-08-26 20:23:19.788337
ESP32_8F7400,InferenceLayer.SENSOR,2768,2024-08-26 20:23:20.814679
ESP32_3330A5,InferenceLayer.SENSOR,3965,2024-08-26 20:23:21.875549
ESP32_ED5A4D,InferenceLayer.SENSOR,944,2024-08-26 20:23:22.803646
ESP32_46B1A6,InferenceLayer.SENSOR,4122,2024-08-26 20:23:23.835802
ESP32_46978A,InferenceLayer.SENSOR,1273,2024-08-26 20:23:24.822460
ESP32_97C286,InferenceLayer.SENSOR,4526,2024-08-26 20:23:25.832648
ESP32_AABBCC,InferenceLayer.SENSOR,3928,2024-08-26 20:23:37.407137
ESP32_09B38F,InferenceLayer.SENSOR,1880,2024-08-26 20:23:38.317188
ESP32_232714,InferenceLayer.SENSOR,2796,2024-08-26 20:23:39.347492
ESP32_B57936,InferenceLayer.SENSOR,4043,2024-08-26 20:23:40.340770
ESP32_8F7400,InferenceLayer.SENSOR,1504,2024-08-26 20:23:41.375335
ESP32_3330A5,InferenceLayer.SENSOR,4309,2024-08-26 20:23:42.431331
ESP32_AABBCC,InferenceLayer.SENSOR,1047,2024-08-26 20:07:10.799211
ESP32_09B38F,InferenceLayer.SENSOR,2995,2024-08-26 20:07:11.684451
ESP32_232714,InferenceLayer.SENSOR,751,2024-08-26 20:07:12.708032
ESP32_B57936,InferenceLayer.SENSOR,3550,2024-08-26 20:07:13.694459
ESP32_8F7400,InferenceLayer.SENSOR,2056,2024-08-26 20:07:14.723707
ESP32_3330A5,InferenceLayer.SENSOR,4359,2024-08-26 20:07:15.771521
ESP32_ED5A4D,InferenceLayer.SENSOR,1257,2024-08-26 20:07:16.741897
ESP32_46B1A6,InferenceLayer.SENSOR,3978,2024-08-26 20:07:17.742175
ESP32_46978A,InferenceLayer.SENSOR,1344,2024-08-26 20:07:18.769535
ESP32_97C286,InferenceLayer.SENSOR,4164,2024-08-26 20:07:19.749647
ESP32_AABBCC,InferenceLayer.SENSOR,826,2024-08-26 20:07:31.311407
ESP32_09B38F,InferenceLayer.SENSOR,3513,2024-08-26 20:07:32.238797
ESP32_232714,InferenceLayer.SENSOR,2955,2024-08-26 20:07:33.242681
ESP32_B57936,InferenceLayer.SENSOR,3910,2024-08-26 20:07:34.264933
ESP32_8F7400,InferenceLayer.SENSOR,4013,2024-08-26 20:07:35.262300
ESP32_3330A5,InferenceLayer.SENSOR,4034,2024-08-26 20:07:36.320220
ESP32_ED5A4D,InferenceLayer.SENSOR,799,2024-08-26 20:07:37.318719
ESP32_46B1A6,InferenceLayer.SENSOR,3895,2024-08-26 20:07:38.319059
ESP32_46978A,InferenceLayer.SENSOR,3239,2024-08-26 20:07:39.297230
ESP32_97C286,InferenceLayer.SENSOR,3925,2024-08-26 20:07:40.326802
ESP32_AABBCC,InferenceLayer.SENSOR,4229,2024-08-26 20:07:51.798479
ESP32_09B38F,InferenceLayer.SENSOR,1774,2024-08-26 20:07:52.803762
ESP32_232714,InferenceLayer.SENSOR,3819,2024-08-26 20:07:53.812586
ESP32_B57936,InferenceLayer.SENSOR,3945,2024-08-26 20:07:54.813227
ESP32_8F7400,InferenceLayer.SENSOR,3959,2024-08-26 20:07:55.866707
ESP32_3330A5,InferenceLayer.SENSOR,3423,2024-08-26 20:07:56.876502
ESP32_ED5A4D,InferenceLayer.SENSOR,812,2024-08-26 20:07:57.841221
ESP32_46B1A6,InferenceLayer.SENSOR,4405,2024-08-26 20:07:58.845477
ESP32_46978A,InferenceLayer.SENSOR,2601,2024-08-26 20:07:59.879267
ESP32_97C286,InferenceLayer.SENSOR,2916,2024-08-26 20:08:00.883228
ESP32_AABBCC,InferenceLayer.SENSOR,3950,2024-08-26 20:08:12.368233
ESP32_09B38F,InferenceLayer.SENSOR,1633,2024-08-26 20:08:13.336899
ESP32_232714,InferenceLayer.SENSOR,3812,2024-08-26 20:08:14.390428
ESP32_B57936,InferenceLayer.SENSOR,4149,2024-08-26 20:08:15.365935
ESP32_8F7400,InferenceLayer.SENSOR,4092,2024-08-26 20:08:16.398530
ESP32_3330A5,InferenceLayer.SENSOR,3805,2024-08-26 20:08:17.432940
ESP32_ED5A4D,InferenceLayer.SENSOR,1100,2024-08-26 20:08:18.412887
ESP32_46B1A6,InferenceLayer.SENSOR,3974,2024-08-26 20:08:19.403632
ESP32_46978A,InferenceLayer.SENSOR,3718,2024-08-26 20:08:20.409700
ESP32_97C286,InferenceLayer.SENSOR,3739,2024-08-26 20:08:21.437516
ESP32_AABBCC,InferenceLayer.SENSOR,3943,2024-08-26 20:08:32.949352
ESP32_09B38F,InferenceLayer.SENSOR,4291,2024-08-26 20:08:33.941455
ESP32_232714,InferenceLayer.SENSOR,3957,2024-08-26 20:08:34.911156
ESP32_B57936,InferenceLayer.SENSOR,3902,2024-08-26 20:08:35.930256
ESP32_8F7400,InferenceLayer.SENSOR,5469,2024-08-26 20:08:36.962308
ESP32_3330A5,InferenceLayer.SENSOR,3949,2024-08-26 20:08:37.997401
ESP32_ED5A4D,InferenceLayer.SENSOR,751,2024-08-26 20:08:38.955637
ESP32_46B1A6,InferenceLayer.SENSOR,3945,2024-08-26 20:08:39.955982
ESP32_46978A,InferenceLayer.SENSOR,736,2024-08-26 20:08:40.988753
ESP32_97C286,InferenceLayer.SENSOR,4129,2024-08-26 20:08:42.019440
ESP32_AABBCC,InferenceLayer.SENSOR,2744,2024-08-26 20:08:53.533703
ESP32_09B38F,InferenceLayer.SENSOR,1906,2024-08-26 20:08:54.475748
ESP32_232714,InferenceLayer.SENSOR,3456,2024-08-26 20:08:55.461990
ESP32_B57936,InferenceLayer.SENSOR,3880,2024-08-26 20:08:56.479566
ESP32_8F7400,InferenceLayer.SENSOR,4217,2024-08-26 20:08:57.512903
ESP32_3330A5,InferenceLayer.SENSOR,2880,2024-08-26 20:08:58.551028
ESP32_ED5A4D,InferenceLayer.SENSOR,783,2024-08-26 20:08:59.518305
ESP32_46B1A6,InferenceLayer.SENSOR,4003,2024-08-26 20:09:00.537835
ESP32_46978A,InferenceLayer.SENSOR,4223,2024-08-26 20:09:01.520952
ESP32_97C286,InferenceLayer.SENSOR,3031,2024-08-26 20:09:02.535397
ESP32_AABBCC,InferenceLayer.SENSOR,3948,2024-08-26 20:09:14.061138
ESP32_09B38F,InferenceLayer.SENSOR,1800,2024-08-26 20:09:15.029035
ESP32_232714,InferenceLayer.SENSOR,3493,2024-08-26 20:09:16.035909
ESP32_B57936,InferenceLayer.SENSOR,3350,2024-08-26 20:09:17.034975
ESP32_8F7400,InferenceLayer.SENSOR,888,2024-08-26 20:09:18.037580
ESP32_3330A5,InferenceLayer.SENSOR,4119,2024-08-26 20:09:19.134603
ESP32_ED5A4D,InferenceLayer.SENSOR,735,2024-08-26 20:09:20.062623
ESP32_46B1A6,InferenceLayer.SENSOR,4183,2024-08-26 20:09:21.070636
ESP32_46978A,InferenceLayer.SENSOR,4116,2024-08-26 20:09:22.090481
ESP32_97C286,InferenceLayer.SENSOR,992,2024-08-26 20:09:23.119191
ESP32_AABBCC,InferenceLayer.SENSOR,4042,2024-08-26 20:09:34.706399
ESP32_09B38F,InferenceLayer.SENSOR,2894,2024-08-26 20:09:35.586803
ESP32_232714,InferenceLayer.SENSOR,4507,2024-08-26 20:09:36.582771
ESP32_B57936,InferenceLayer.SENSOR,4126,2024-08-26 20:09:37.631982
ESP32_8F7400,InferenceLayer.SENSOR,3972,2024-08-26 20:09:38.598980
ESP32_3330A5,InferenceLayer.SENSOR,3881,2024-08-26 20:09:39.663920
ESP32_ED5A4D,InferenceLayer.SENSOR,855,2024-08-26 20:09:40.621605
ESP32_46B1A6,InferenceLayer.SENSOR,2433,2024-08-26 20:09:41.630321
ESP32_46978A,InferenceLayer.SENSOR,4503,2024-08-26 20:09:42.638802
ESP32_97C286,InferenceLayer.SENSOR,3969,2024-08-26 20:09:43.664514
ESP32_AABBCC,InferenceLayer.SENSOR,3915,2024-08-26 20:09:55.116884
ESP32_09B38F,InferenceLayer.SENSOR,1674,2024-08-26 20:09:56.180457
ESP32_232714,InferenceLayer.SENSOR,4647,2024-08-26 20:09:57.174621
ESP32_B57936,InferenceLayer.SENSOR,1040,2024-08-26 20:09:58.141406
ESP32_8F7400,InferenceLayer.SENSOR,4275,2024-08-26 20:09:59.227691
ESP32_3330A5,InferenceLayer.SENSOR,3769,2024-08-26 20:10:00.154870
ESP32_AABBCC,InferenceLayer.SENSOR,1000,2024-08-26 20:18:08.487444
ESP32_09B38F,InferenceLayer.SENSOR,1731,2024-08-26 20:18:09.425449
ESP32_232714,InferenceLayer.SENSOR,4132,2024-08-26 20:18:10.437487
ESP32_B57936,InferenceLayer.SENSOR,3905,2024-08-26 20:18:11.447892
ESP32_8F7400,InferenceLayer.SENSOR,4180,2024-08-26 20:18:12.456798
ESP32_3330A5,InferenceLayer.SENSOR,1124,2024-08-26 20:18:13.541384
ESP32_ED5A4D,InferenceLayer.SENSOR,1209,2024-08-26 20:18:14.463961
ESP32_46B1A6,InferenceLayer.SENSOR,4075,2024-08-26 20:18:15.507904
ESP32_46978A,InferenceLayer.SENSOR,4038,2024-08-26 20:18:16.514409
ESP32_97C286,InferenceLayer.SENSOR,4287,2024-08-26 20:18:17.529454
ESP32_AABBCC,InferenceLayer.SENSOR,3934,2024-08-26 20:18:29.040264
ESP32_09B38F,InferenceLayer.SENSOR,3473,2024-08-26 20:18:29.989591
ESP32_232714,InferenceLayer.SENSOR,4077,2024-08-26 20:18:31.013402
ESP32_B57936,InferenceLayer.SENSOR,4104,2024-08-26 20:18:32.035232
ESP32_8F7400,InferenceLayer.SENSOR,3981,2024-08-26 20:18:33.051221
ESP32_3330A5,InferenceLayer.SENSOR,3971,2024-08-26 20:18:34.098934
ESP32_ED5A4D,InferenceLayer.SENSOR,950,2024-08-26 20:18:35.031981
ESP32_46B1A6,InferenceLayer.SENSOR,4083,2024-08-26 20:18:36.049951
ESP32_46978A,InferenceLayer.SENSOR,3179,2024-08-26 20:18:37.045259
ESP32_97C286,InferenceLayer.SENSOR,3892,2024-08-26 20:18:38.065372
ESP32_AABBCC,InferenceLayer.SENSOR,3547,2024-08-26 20:18:49.610783
ESP32_09B38F,InferenceLayer.SENSOR,3914,2024-08-26 20:18:50.599383
ESP32_232714,InferenceLayer.SENSOR,4116,2024-08-26 20:18:51.555819
ESP32_B57936,InferenceLayer.SENSOR,3117,2024-08-26 20:18:52.556527
ESP32_8F7400,InferenceLayer.SENSOR,1897,2024-08-26 20:18:53.567239
ESP32_3330A5,InferenceLayer.SENSOR,3962,2024-08-26 20:18:54.626894
ESP32_ED5A4D,InferenceLayer.SENSOR,1204,2024-08-26 20:18:55.609843
ESP32_46B1A6,InferenceLayer.SENSOR,3950,2024-08-26 20:18:56.611059
ESP32_46978A,InferenceLayer.SENSOR,3136,2024-08-26 20:18:57.603080
ESP32_97C286,InferenceLayer.SENSOR,3154,2024-08-26 20:18:58.644406
ESP32_AABBCC,InferenceLayer.SENSOR,4149,2024-08-26 20:19:10.188435
ESP32_09B38F,InferenceLayer.SENSOR,1500,2024-08-26 20:19:11.268882
ESP32_232714,InferenceLayer.SENSOR,4266,2024-08-26 20:19:12.144842
ESP32_B57936,InferenceLayer.SENSOR,3475,2024-08-26 20:19:13.113867
ESP32_8F7400,InferenceLayer.SENSOR,3303,2024-08-26 20:19:14.140068
ESP32_3330A5,InferenceLayer.SENSOR,2183,2024-08-26 20:19:15.205455
ESP32_ED5A4D,InferenceLayer.SENSOR,849,2024-08-26 20:19:16.177800
ESP32_46B1A6,InferenceLayer.SENSOR,1535,2024-08-26 20:19:17.153423
ESP32_46978A,InferenceLayer.SENSOR,4235,2024-08-26 20:19:18.207532
ESP32_97C286,InferenceLayer.SENSOR,1141,2024-08-26 20:19:19.157105
ESP32_AABBCC,InferenceLayer.SENSOR,3950,2024-08-26 20:19:30.668560
ESP32_09B38F,InferenceLayer.SENSOR,1968,2024-08-26 20:19:31.659102
ESP32_232714,InferenceLayer.SENSOR,4158,2024-08-26 20:19:32.644780
ESP32_B57936,InferenceLayer.SENSOR,1529,2024-08-26 20:19:33.667894
ESP32_8F7400,InferenceLayer.SENSOR,3197,2024-08-26 20:19:34.683018
ESP32_3330A5,InferenceLayer.SENSOR,1265,2024-08-26 20:19:35.722513
ESP32_ED5A4D,InferenceLayer.SENSOR,1246,2024-08-26 20:19:36.739464
ESP32_46B1A6,InferenceLayer.SENSOR,916,2024-08-26 20:19:37.714253
ESP32_46978A,InferenceLayer.SENSOR,3933,2024-08-26 20:19:38.698833
ESP32_97C286,InferenceLayer.SENSOR,876,2024-08-26 20:19:39.724696
ESP32_AABBCC,InferenceLayer.SENSOR,3897,2024-08-26 20:19:51.259576
ESP32_09B38F,InferenceLayer.SENSOR,988,2024-08-26 20:19:52.183242
ESP32_232714,InferenceLayer.SENSOR,4105,2024-08-26 20:19:53.213083
ESP32_B57936,InferenceLayer.SENSOR,973,2024-08-26 20:19:54.214636
ESP32_8F7400,InferenceLayer.SENSOR,4089,2024-08-26 20:19:55.236904
ESP32_3330A5,InferenceLayer.SENSOR,857,2024-08-26 20:19:56.294141
ESP32_ED5A4D,InferenceLayer.SENSOR,916,2024-08-26 20:19:57.257403
ESP32_46B1A6,InferenceLayer.SENSOR,1656,2024-08-26 20:19:58.257090
ESP32_46978A,InferenceLayer.SENSOR,3986,2024-08-26 20:19:59.254446
ESP32_97C286,InferenceLayer.SENSOR,4015,2024-08-26 20:20:00.259369
ESP32_AABBCC,InferenceLayer.SENSOR,3673,2024-08-26 20:20:11.800539
ESP32_09B38F,InferenceLayer.SENSOR,860,2024-08-26 20:20:12.789967
ESP32_232714,InferenceLayer.SENSOR,3995,2024-08-26 20:20:13.777812
ESP32_B57936,InferenceLayer.SENSOR,1176,2024-08-26 20:20:14.779127
ESP32_8F7400,InferenceLayer.SENSOR,3089,2024-08-26 20:20:15.760154
ESP32_3330A5,InferenceLayer.SENSOR,4045,2024-08-26 20:20:16.829252
ESP32_ED5A4D,InferenceLayer.SENSOR,1017,2024-08-26 20:20:17.785865
ESP32_46B1A6,InferenceLayer.SENSOR,3484,2024-08-26 20:20:18.811718
ESP32_46978A,InferenceLayer.SENSOR,4076,2024-08-26 20:20:19.822632
ESP32_97C286,InferenceLayer.SENSOR,3329,2024-08-26 20:20:20.803742
ESP32_AABBCC,InferenceLayer.SENSOR,3932,2024-08-26 20:20:32.367256
ESP32_09B38F,InferenceLayer.SENSOR,1767,2024-08-26 20:20:33.334560
ESP32_232714,InferenceLayer.SENSOR,4066,2024-08-26 20:20:34.324350
ESP32_B57936,InferenceLayer.SENSOR,4166,2024-08-26 20:20:35.326609
ESP32_8F7400,InferenceLayer.SENSOR,3951,2024-08-26 20:20:36.352132
ESP32_3330A5,InferenceLayer.SENSOR,3983,2024-08-26 20:20:37.389147
ESP32_ED5A4D,InferenceLayer.SENSOR,879,2024-08-26 20:10:01.171332
ESP32_46B1A6,InferenceLayer.SENSOR,3426,2024-08-26 20:10:02.196458
ESP32_46978A,InferenceLayer.SENSOR,1343,2024-08-26 20:10:03.192956
ESP32_97C286,InferenceLayer.SENSOR,4009,2024-08-26 20:10:04.289961
ESP32_AABBCC,InferenceLayer.SENSOR,3932,2024-08-26 20:10:15.720797
ESP32_09B38F,InferenceLayer.SENSOR,1606,2024-08-26 20:10:16.692413
ESP32_232714,InferenceLayer.SENSOR,4009,2024-08-26 20:10:17.720900
ESP32_B57936,InferenceLayer.SENSOR,4419,2024-08-26 20:10:18.693886
ESP32_8F7400,InferenceLayer.SENSOR,4131,2024-08-26 20:10:19.735220
ESP32_3330A5,InferenceLayer.SENSOR,4065,2024-08-26 20:10:20.796748
ESP32_ED5A4D,InferenceLayer.SENSOR,853,2024-08-26 20:10:21.733316
ESP32_46B1A6,InferenceLayer.SENSOR,3945,2024-08-26 20:10:22.766406
ESP32_46978A,InferenceLayer.SENSOR,2973,2024-08-26 20:10:23.783058
ESP32_97C286,InferenceLayer.SENSOR,2018,2024-08-26 20:10:24.781284
ESP32_AABBCC,InferenceLayer.SENSOR,3949,2024-08-26 20:10:36.270556
ESP32_09B38F,InferenceLayer.SENSOR,2776,2024-08-26 20:10:37.242086
ESP32_232714,InferenceLayer.SENSOR,1987,2024-08-26 20:10:38.252477
ESP32_B57936,InferenceLayer.SENSOR,4192,2024-08-26 20:10:39.271928
ESP32_8F7400,InferenceLayer.SENSOR,4062,2024-08-26 20:10:40.302199
ESP32_3330A5,InferenceLayer.SENSOR,2784,2024-08-26 20:10:41.331339
ESP32_ED5A4D,InferenceLayer.SENSOR,1099,2024-08-26 20:10:42.349256
ESP32_46B1A6,InferenceLayer.SENSOR,1520,2024-08-26 20:10:43.315131
ESP32_46978A,InferenceLayer.SENSOR,3993,2024-08-26 20:10:44.327737
ESP32_97C286,InferenceLayer.SENSOR,1254,2024-08-26 20:10:45.359996
ESP32_AABBCC,InferenceLayer.SENSOR,4164,2024-08-26 20:10:56.807911
ESP32_09B38F,InferenceLayer.SENSOR,1787,2024-08-26 20:10:57.817165
ESP32_232714,InferenceLayer.SENSOR,3939,2024-08-26 20:10:58.873658
ESP32_B57936,InferenceLayer.SENSOR,1715,2024-08-26 20:10:59.815767
ESP32_8F7400,InferenceLayer.SENSOR,3620,2024-08-26 20:11:00.848305
ESP32_3330A5,InferenceLayer.SENSOR,1152,2024-08-26 20:11:01.824996
ESP32_ED5A4D,InferenceLayer.SENSOR,922,2024-08-26 20:11:02.860702
ESP32_46B1A6,InferenceLayer.SENSOR,849,2024-08-26 20:11:03.897164
ESP32_46978A,InferenceLayer.SENSOR,3334,2024-08-26 20:11:04.860116
ESP32_97C286,InferenceLayer.SENSOR,802,2024-08-26 20:11:05.865156
ESP32_AABBCC,InferenceLayer.SENSOR,3923,2024-08-26 20:11:17.395618
ESP32_09B38F,InferenceLayer.SENSOR,1096,2024-08-26 20:11:18.367672
ESP32_232714,InferenceLayer.SENSOR,3463,2024-08-26 20:11:19.407324
ESP32_B57936,InferenceLayer.SENSOR,941,2024-08-26 20:11:20.347795
ESP32_8F7400,InferenceLayer.SENSOR,3285,2024-08-26 20:11:21.382859
ESP32_3330A5,InferenceLayer.SENSOR,802,2024-08-26 20:11:22.423143
ESP32_ED5A4D,InferenceLayer.SENSOR,1352,2024-08-26 20:11:23.377897
ESP32_46B1A6,InferenceLayer.SENSOR,1287,2024-08-26 20:11:24.408999
ESP32_46978A,InferenceLayer.SENSOR,4170,2024-08-26 20:11:25.388715
ESP32_97C286,InferenceLayer.SENSOR,3936,2024-08-26 20:11:26.428863
ESP32_AABBCC,InferenceLayer.SENSOR,4016,2024-08-26 20:11:37.986683
ESP32_09B38F,InferenceLayer.SENSOR,725,2024-08-26 20:11:38.894280
ESP32_232714,InferenceLayer.SENSOR,4094,2024-08-26 20:11:39.923650
ESP32_B57936,InferenceLayer.SENSOR,1266,2024-08-26 20:11:40.908624
ESP32_8F7400,InferenceLayer.SENSOR,4031,2024-08-26 20:11:41.945802
ESP32_3330A5,InferenceLayer.SENSOR,3557,2024-08-26 20:11:42.984710
ESP32_ED5A4D,InferenceLayer.SENSOR,926,2024-08-26 20:11:43.934043
ESP32_46B1A6,InferenceLayer.SENSOR,4137,2024-08-26 20:11:44.948170
ESP32_46978A,InferenceLayer.SENSOR,4068,2024-08-26 20:11:45.983171
ESP32_97C286,InferenceLayer.SENSOR,4052,2024-08-26 20:11:46.956867
ESP32_AABBCC,InferenceLayer.SENSOR,1949,2024-08-26 20:11:58.505542
ESP32_09B38F,InferenceLayer.SENSOR,1724,2024-08-26 20:11:59.448874
ESP32_232714,InferenceLayer.SENSOR,4086,2024-08-26 20:12:00.444320
ESP32_B57936,InferenceLayer.SENSOR,3709,2024-08-26 20:12:01.466408
ESP32_8F7400,InferenceLayer.SENSOR,3915,2024-08-26 20:12:02.468363
ESP32_3330A5,InferenceLayer.SENSOR,3669,2024-08-26 20:12:03.530092
ESP32_ED5A4D,InferenceLayer.SENSOR,817,2024-08-26 20:12:04.541003
ESP32_46B1A6,InferenceLayer.SENSOR,3976,2024-08-26 20:12:05.513024
ESP32_46978A,InferenceLayer.SENSOR,3546,2024-08-26 20:12:06.505396
ESP32_97C286,InferenceLayer.SENSOR,3057,2024-08-26 20:12:07.512144
ESP32_AABBCC,InferenceLayer.SENSOR,3891,2024-08-26 20:12:19.069690
ESP32_09B38F,InferenceLayer.SENSOR,1707,2024-08-26 20:12:19.986631
ESP32_232714,InferenceLayer.SENSOR,3985,2024-08-26 20:12:21.029158
ESP32_B57936,InferenceLayer.SENSOR,4087,2024-08-26 20:12:22.008457
ESP32_8F7400,InferenceLayer.SENSOR,4000,2024-08-26 20:12:23.054617
ESP32_3330A5,InferenceLayer.SENSOR,4111,2024-08-26 20:12:24.113956
ESP32_ED5A4D,InferenceLayer.SENSOR,1089,2024-08-26 20:12:25.030351
ESP32_46B1A6,InferenceLayer.SENSOR,3327,2024-08-26 20:12:26.075999
ESP32_46978A,InferenceLayer.SENSOR,3901,2024-08-26 20:12:27.090868
ESP32_97C286,InferenceLayer.SENSOR,3946,2024-08-26 20:12:28.060640
ESP32_AABBCC,InferenceLayer.SENSOR,3913,2024-08-26 20:12:39.624491
ESP32_09B38F,InferenceLayer.SENSOR,4088,2024-08-26 20:12:40.558148
ESP32_232714,InferenceLayer.SENSOR,2913,2024-08-26 20:12:41.569529
ESP32_B57936,InferenceLayer.SENSOR,3789,2024-08-26 20:12:42.610974
ESP32_8F7400,InferenceLayer.SENSOR,4076,2024-08-26 20:12:43.592099
ESP32_3330A5,InferenceLayer.SENSOR,2829,2024-08-26 20:12:44.641891
ESP32_ED5A4D,InferenceLayer.SENSOR,960,2024-08-26 20:12:45.625238
ESP32_46B1A6,InferenceLayer.SENSOR,3252,2024-08-26 20:12:46.633225
ESP32_46978A,InferenceLayer.SENSOR,3776,2024-08-26 20:12:47.623637
ESP32_97C286,InferenceLayer.SENSOR,4210,2024-08-26 20:12:48.645284
ESP32_AABBCC,InferenceLayer.SENSOR,4085,2024-08-26 20:13:00.169264
ESP32_09B38F,InferenceLayer.SENSOR,2057,2024-08-26 20:13:01.166103
ESP32_232714,InferenceLayer.SENSOR,1770,2024-08-26 20:13:02.129161
ESP32_B57936,InferenceLayer.SENSOR,4056,2024-08-26 20:13:03.145814
ESP32_8F7400,InferenceLayer.SENSOR,3165,2024-08-26 20:13:04.130079
ESP32_3330A5,InferenceLayer.SENSOR,3228,2024-08-26 20:13:05.200231
ESP32_ED5A4D,InferenceLayer.SENSOR,1182,2024-08-26 20:13:06.178489
ESP32_46B1A6,InferenceLayer.SENSOR,3246,2024-08-26 20:13:07.192978
ESP32_46978A,InferenceLayer.SENSOR,1186,2024-08-26 20:13:08.170848
ESP32_97C286,InferenceLayer.SENSOR,4002,2024-08-26 20:13:09.216228
ESP32_AABBCC,InferenceLayer.SENSOR,3949,2024-08-26 20:13:20.702331
ESP32_09B38F,InferenceLayer.SENSOR,2027,2024-08-26 20:13:21.693457
ESP32_232714,InferenceLayer.SENSOR,3970,2024-08-26 20:13:22.662767
ESP32_B57936,InferenceLayer.SENSOR,3937,2024-08-26 20:13:23.713706
ESP32_8F7400,InferenceLayer.SENSOR,3903,2024-08-26 20:13:24.720042
ESP32_3330A5,InferenceLayer.SENSOR,3919,2024-08-26 20:13:25.758182
ESP32_ED5A4D,InferenceLayer.SENSOR,880,2024-08-26 20:13:26.698143
ESP32_46B1A6,InferenceLayer.SENSOR,3997,2024-08-26 20:13:27.760134
ESP32_46978A,InferenceLayer.SENSOR,3901,2024-08-26 20:13:28.736476
ESP32_97C286,InferenceLayer.SENSOR,4035,2024-08-26 20:13:29.743398
ESP32_AABBCC,InferenceLayer.SENSOR,3900,2024-08-26 20:13:41.292584
ESP32_09B38F,InferenceLayer.SENSOR,1335,2024-08-26 20:13:42.232037
ESP32_232714,InferenceLayer.SENSOR,908,2024-08-26 20:13:43.225798
ESP32_B57936,InferenceLayer.SENSOR,3926,2024-08-26 20:13:44.236181
ESP32_8F7400,InferenceLayer.SENSOR,4094,2024-08-26 20:13:45.233199
ESP32_3330A5,InferenceLayer.SENSOR,3995,2024-08-26 20:13:46.359725
ESP32_ED5A4D,InferenceLayer.SENSOR,1235,2024-08-26 20:13:47.254767
ESP32_46B1A6,InferenceLayer.SENSOR,1066,2024-08-26 20:13:48.266671
ESP32_46978A,InferenceLayer.SENSOR,3991,2024-08-26 20:13:49.290289
ESP32_97C286,InferenceLayer.SENSOR,1809,2024-08-26 20:13:50.319066
ESP32_ED5A4D,InferenceLayer.SENSOR,798,2024-08-26 20:20:38.365258
ESP32_46B1A6,InferenceLayer.SENSOR,4188,2024-08-26 20:20:39.355828
ESP32_46978A,InferenceLayer.SENSOR,3938,2024-08-26 20:20:40.380710
ESP32_97C286,InferenceLayer.SENSOR,3313,2024-08-26 20:20:41.412888
ESP32_AABBCC,InferenceLayer.SENSOR,3913,2024-08-26 20:20:52.937053
ESP32_09B38F,InferenceLayer.SENSOR,2114,2024-08-26 20:20:53.878338
ESP32_232714,InferenceLayer.SENSOR,4371,2024-08-26 20:20:54.875891
ESP32_B57936,InferenceLayer.SENSOR,3933,2024-08-26 20:20:55.871444
ESP32_8F7400,InferenceLayer.SENSOR,4350,2024-08-26 20:20:56.892892
ESP32_3330A5,InferenceLayer.SENSOR,3990,2024-08-26 20:20:57.971788
ESP32_ED5A4D,InferenceLayer.SENSOR,815,2024-08-26 20:20:58.935863
ESP32_46B1A6,InferenceLayer.SENSOR,2484,2024-08-26 20:20:59.912561
ESP32_46978A,InferenceLayer.SENSOR,4790,2024-08-26 20:21:00.923298
ESP32_97C286,InferenceLayer.SENSOR,3153,2024-08-26 20:21:01.960913
ESP32_AABBCC,InferenceLayer.SENSOR,3937,2024-08-26 20:21:13.507080
ESP32_09B38F,InferenceLayer.SENSOR,3965,2024-08-26 20:21:14.416769
ESP32_232714,InferenceLayer.SENSOR,3212,2024-08-26 20:21:15.423558
ESP32_B57936,InferenceLayer.SENSOR,3072,2024-08-26 20:21:16.436964
ESP32_8F7400,InferenceLayer.SENSOR,4195,2024-08-26 20:21:17.459797
ESP32_46B1A6,InferenceLayer.SENSOR,1470,2024-08-26 19:38:02.086744
ESP32_46978A,InferenceLayer.SENSOR,4242,2024-08-26 19:38:03.067477
ESP32_97C286,InferenceLayer.SENSOR,1004,2024-08-26 19:38:04.069389
ESP32_AABBCC,InferenceLayer.SENSOR,3901,2024-08-26 19:38:15.203291
ESP32_09B38F,InferenceLayer.SENSOR,1901,2024-08-26 19:38:16.133410
ESP32_232714,InferenceLayer.SENSOR,3995,2024-08-26 19:38:17.146796
ESP32_B57936,InferenceLayer.SENSOR,3107,2024-08-26 19:38:18.162980
ESP32_8F7400,InferenceLayer.SENSOR,3747,2024-08-26 19:38:19.192434
ESP32_3330A5,InferenceLayer.SENSOR,4739,2024-08-26 19:38:20.257025
ESP32_ED5A4D,InferenceLayer.SENSOR,812,2024-08-26 19:38:21.222830
ESP32_46B1A6,InferenceLayer.SENSOR,3028,2024-08-26 19:38:22.224166
ESP32_46978A,InferenceLayer.SENSOR,3361,2024-08-26 19:38:23.220823
ESP32_97C286,InferenceLayer.SENSOR,5639,2024-08-26 19:38:24.231651
ESP32_AABBCC,InferenceLayer.SENSOR,4006,2024-08-26 19:38:35.351624
ESP32_09B38F,InferenceLayer.SENSOR,1986,2024-08-26 19:38:36.288175
ESP32_232714,InferenceLayer.SENSOR,3983,2024-08-26 19:38:37.327729
ESP32_B57936,InferenceLayer.SENSOR,3959,2024-08-26 19:38:38.294952
ESP32_8F7400,InferenceLayer.SENSOR,3892,2024-08-26 19:38:39.346692
ESP32_3330A5,InferenceLayer.SENSOR,4120,2024-08-26 19:38:40.381702
ESP32_ED5A4D,InferenceLayer.SENSOR,1128,2024-08-26 19:38:41.320013
ESP32_46B1A6,InferenceLayer.SENSOR,4227,2024-08-26 19:38:42.423624
ESP32_46978A,InferenceLayer.SENSOR,1656,2024-08-26 19:38:43.344332
ESP32_97C286,InferenceLayer.SENSOR,3924,2024-08-26 19:38:44.374438
ESP32_AABBCC,InferenceLayer.SENSOR,3844,2024-08-26 19:38:55.447229
ESP32_09B38F,InferenceLayer.SENSOR,3901,2024-08-26 19:38:56.451842
ESP32_232714,InferenceLayer.SENSOR,4107,2024-08-26 19:38:57.468610
ESP32_B57936,InferenceLayer.SENSOR,3320,2024-08-26 19:38:58.507390
ESP32_8F7400,InferenceLayer.SENSOR,4499,2024-08-26 19:38:59.464029
ESP32_ED5A4D,InferenceLayer.SENSOR,723,2024-08-26 20:23:43.374144
ESP32_46B1A6,InferenceLayer.SENSOR,4587,2024-08-26 20:23:44.397642
ESP32_46978A,InferenceLayer.SENSOR,920,2024-08-26 20:23:45.411250
ESP32_97C286,InferenceLayer.SENSOR,2849,2024-08-26 20:23:46.397184
ESP32_AABBCC,InferenceLayer.SENSOR,7028,2024-08-26 21:41:11.307914
ESP32_09B38F,InferenceLayer.SENSOR,3563,2024-08-26 21:41:12.275008
ESP32_232714,InferenceLayer.SENSOR,3445,2024-08-26 21:41:13.267338
ESP32_B57936,InferenceLayer.SENSOR,1101,2024-08-26 21:41:14.276422
ESP32_8F7400,InferenceLayer.SENSOR,4228,2024-08-26 21:41:15.278767
ESP32_3330A5,InferenceLayer.SENSOR,4189,2024-08-26 21:41:16.365652
ESP32_ED5A4D,InferenceLayer.SENSOR,3284,2024-08-26 21:41:17.363962
ESP32_46B1A6,InferenceLayer.SENSOR,3986,2024-08-26 21:41:18.321911
ESP32_46978A,InferenceLayer.SENSOR,1559,2024-08-26 21:41:19.321646
ESP32_97C286,InferenceLayer.SENSOR,3648,2024-08-26 21:41:20.358201
ESP32_AABBCC,InferenceLayer.SENSOR,2962,2024-08-26 21:41:33.933088
ESP32_09B38F,InferenceLayer.SENSOR,1683,2024-08-26 21:41:34.907665
ESP32_232714,InferenceLayer.SENSOR,4157,2024-08-26 21:41:35.896771
ESP32_B57936,InferenceLayer.SENSOR,4199,2024-08-26 21:41:36.925517
ESP32_8F7400,InferenceLayer.SENSOR,2709,2024-08-26 21:41:37.966384
ESP32_3330A5,InferenceLayer.SENSOR,3241,2024-08-26 21:41:39.029294
ESP32_ED5A4D,InferenceLayer.SENSOR,749,2024-08-26 21:41:39.941912
ESP32_46B1A6,InferenceLayer.SENSOR,4229,2024-08-26 21:41:40.958092
ESP32_46978A,InferenceLayer.SENSOR,4009,2024-08-26 21:41:42.001226
ESP32_97C286,InferenceLayer.SENSOR,3069,2024-08-26 21:41:42.991655
ESP32_AABBCC,InferenceLayer.SENSOR,4053,2024-08-26 21:41:56.514244
ESP32_09B38F,InferenceLayer.SENSOR,1759,2024-08-26 21:41:57.536335
ESP32_232714,InferenceLayer.SENSOR,3621,2024-08-26 21:41:58.650275
ESP32_B57936,InferenceLayer.SENSOR,4153,2024-08-26 21:41:59.551570
ESP32_8F7400,InferenceLayer.SENSOR,2339,2024-08-26 21:42:00.550111
ESP32_3330A5,InferenceLayer.SENSOR,1611,2024-08-26 21:42:01.553110
ESP32_ED5A4D,InferenceLayer.SENSOR,1063,2024-08-26 21:42:02.560071
ESP32_46B1A6,InferenceLayer.SENSOR,3180,2024-08-26 21:42:03.637234
ESP32_46978A,InferenceLayer.SENSOR,4305,2024-08-26 21:42:04.608101
ESP32_97C286,InferenceLayer.SENSOR,1816,2024-08-26 21:42:05.608876
ESP32_AABBCC,InferenceLayer.SENSOR,3925,2024-08-26 21:42:19.230286
ESP32_09B38F,InferenceLayer.SENSOR,3439,2024-08-26 21:42:20.161358
ESP32_232714,InferenceLayer.SENSOR,4147,2024-08-26 21:42:21.197952
ESP32_B57936,InferenceLayer.SENSOR,4100,2024-08-26 21:42:22.177817
ESP32_8F7400,InferenceLayer.SENSOR,4272,2024-08-26 21:42:23.199840
ESP32_3330A5,InferenceLayer.SENSOR,2133,2024-08-26 21:42:24.272607
ESP32_ED5A4D,InferenceLayer.SENSOR,796,2024-08-26 21:42:25.201443
ESP32_46B1A6,InferenceLayer.SENSOR,1319,2024-08-26 21:42:26.193341
ESP32_46978A,InferenceLayer.SENSOR,3995,2024-08-26 21:42:27.240531
ESP32_97C286,InferenceLayer.SENSOR,1046,2024-08-26 21:42:28.248496
ESP32_AABBCC,InferenceLayer.SENSOR,3981,2024-08-26 21:42:41.852205
ESP32_09B38F,InferenceLayer.SENSOR,2756,2024-08-26 21:42:42.804721
ESP32_232714,InferenceLayer.SENSOR,4023,2024-08-26 21:42:43.785403
ESP32_B57936,InferenceLayer.SENSOR,1726,2024-08-26 21:42:44.803073
ESP32_8F7400,InferenceLayer.SENSOR,3585,2024-08-26 21:42:45.809034
ESP32_3330A5,InferenceLayer.SENSOR,1234,2024-08-26 21:42:46.881457
ESP32_ED5A4D,InferenceLayer.SENSOR,1169,2024-08-26 21:42:47.855242
ESP32_46B1A6,InferenceLayer.SENSOR,998,2024-08-26 21:42:48.823111
ESP32_46978A,InferenceLayer.SENSOR,3820,2024-08-26 21:42:49.865911
ESP32_97C286,InferenceLayer.SENSOR,1207,2024-08-26 21:42:50.871305
ESP32_AABBCC,InferenceLayer.SENSOR,1270,2024-08-26 21:43:04.427103
ESP32_09B38F,InferenceLayer.SENSOR,1276,2024-08-26 21:43:05.395505
ESP32_232714,InferenceLayer.SENSOR,3933,2024-08-26 21:43:06.403888
ESP32_B57936,InferenceLayer.SENSOR,1010,2024-08-26 21:43:07.402048
ESP32_8F7400,InferenceLayer.SENSOR,3956,2024-08-26 21:43:08.439405
ESP32_3330A5,InferenceLayer.SENSOR,835,2024-08-26 21:43:09.507100
ESP32_ED5A4D,InferenceLayer.SENSOR,724,2024-08-26 21:43:10.430611
ESP32_46B1A6,InferenceLayer.SENSOR,1444,2024-08-26 21:43:11.456087
ESP32_46978A,InferenceLayer.SENSOR,4167,2024-08-26 21:43:12.450640
ESP32_97C286,InferenceLayer.SENSOR,3189,2024-08-26 21:43:13.453993
ESP32_AABBCC,InferenceLayer.SENSOR,3316,2024-08-26 21:43:27.106193
ESP32_09B38F,InferenceLayer.SENSOR,819,2024-08-26 21:43:28.026867
ESP32_232714,InferenceLayer.SENSOR,4246,2024-08-26 21:43:29.057125
ESP32_B57936,InferenceLayer.SENSOR,767,2024-08-26 21:43:30.039771
ESP32_8F7400,InferenceLayer.SENSOR,3958,2024-08-26 21:43:31.040790
ESP32_3330A5,InferenceLayer.SENSOR,3047,2024-08-26 21:43:32.091376
ESP32_ED5A4D,InferenceLayer.SENSOR,1301,2024-08-26 21:43:33.040954
ESP32_46B1A6,InferenceLayer.SENSOR,4247,2024-08-26 21:43:34.055204
ESP32_46978A,InferenceLayer.SENSOR,3977,2024-08-26 21:43:35.077159
ESP32_97C286,InferenceLayer.SENSOR,3367,2024-08-26 21:43:36.074377
ESP32_AABBCC,InferenceLayer.SENSOR,5858,2024-08-26 21:43:49.743840
ESP32_09B38F,InferenceLayer.SENSOR,1324,2024-08-26 21:43:50.648242
ESP32_232714,InferenceLayer.SENSOR,4697,2024-08-26 21:43:51.657214
ESP32_B57936,InferenceLayer.SENSOR,4133,2024-08-26 21:43:52.681578
ESP32_8F7400,InferenceLayer.SENSOR,3597,2024-08-26 21:43:53.695336
ESP32_3330A5,InferenceLayer.SENSOR,3956,2024-08-26 21:43:54.758018
ESP32_ED5A4D,InferenceLayer.SENSOR,811,2024-08-26 21:43:55.721290
ESP32_46B1A6,InferenceLayer.SENSOR,3499,2024-08-26 21:43:56.710633
ESP32_46978A,InferenceLayer.SENSOR,4234,2024-08-26 21:43:57.744415
ESP32_97C286,InferenceLayer.SENSOR,2710,2024-08-26 21:43:58.717819
ESP32_AABBCC,InferenceLayer.SENSOR,4065,2024-08-26 21:44:12.327071
ESP32_09B38F,InferenceLayer.SENSOR,1813,2024-08-26 21:44:13.295625
ESP32_232714,InferenceLayer.SENSOR,2452,2024-08-26 21:44:14.287182
ESP32_B57936,InferenceLayer.SENSOR,3377,2024-08-26 21:44:15.282697
ESP32_8F7400,InferenceLayer.SENSOR,3926,2024-08-26 21:44:16.304729
ESP32_3330A5,InferenceLayer.SENSOR,3946,2024-08-26 21:44:17.358995
ESP32_ED5A4D,InferenceLayer.SENSOR,1101,2024-08-26 21:44:18.372690
ESP32_46B1A6,InferenceLayer.SENSOR,1128,2024-08-26 21:44:19.339270
ESP32_46978A,InferenceLayer.SENSOR,4115,2024-08-26 21:44:20.328751
ESP32_97C286,InferenceLayer.SENSOR,4080,2024-08-26 21:44:21.362949
ESP32_AABBCC,InferenceLayer.SENSOR,3940,2024-08-26 21:44:34.988268
ESP32_09B38F,InferenceLayer.SENSOR,1703,2024-08-26 21:44:35.895910
ESP32_232714,InferenceLayer.SENSOR,3995,2024-08-26 21:44:36.903247
ESP32_B57936,InferenceLayer.SENSOR,3967,2024-08-26 21:44:37.946589
ESP32_8F7400,InferenceLayer.SENSOR,3962,2024-08-26 21:44:38.959910
ESP32_3330A5,InferenceLayer.SENSOR,3090,2024-08-26 21:44:39.996247
ESP32_ED5A4D,InferenceLayer.SENSOR,889,2024-08-26 21:44:40.945369
ESP32_46B1A6,InferenceLayer.SENSOR,4109,2024-08-26 21:44:41.961812
ESP32_46978A,InferenceLayer.SENSOR,3360,2024-08-26 21:44:42.989386
ESP32_97C286,InferenceLayer.SENSOR,3376,2024-08-26 21:44:44.002991
ESP32_AABBCC,InferenceLayer.SENSOR,3941,2024-08-26 21:44:57.528923
ESP32_09B38F,InferenceLayer.SENSOR,1717,2024-08-26 21:44:58.616503
ESP32_232714,InferenceLayer.SENSOR,2638,2024-08-26 21:44:59.577337
ESP32_B57936,InferenceLayer.SENSOR,4112,2024-08-26 21:45:00.553381
ESP32_8F7400,InferenceLayer.SENSOR,4160,2024-08-26 21:45:01.555056
ESP32_3330A5,InferenceLayer.SENSOR,4138,2024-08-26 21:45:02.599984
ESP32_ED5A4D,InferenceLayer.SENSOR,1053,2024-08-26 21:45:03.672761
ESP32_46B1A6,InferenceLayer.SENSOR,4125,2024-08-26 21:45:04.587078
ESP32_46978A,InferenceLayer.SENSOR,3784,2024-08-26 21:45:05.605356
ESP32_97C286,InferenceLayer.SENSOR,4084,2024-08-26 21:45:06.618773
ESP32_AABBCC,InferenceLayer.SENSOR,4153,2024-08-26 21:45:20.196751
ESP32_09B38F,InferenceLayer.SENSOR,2736,2024-08-26 21:45:21.271751
ESP32_232714,InferenceLayer.SENSOR,3165,2024-08-26 21:45:22.963941
ESP32_B57936,InferenceLayer.SENSOR,3260,2024-08-26 21:45:23.198679
ESP32_8F7400,InferenceLayer.SENSOR,3609,2024-08-26 21:45:24.203968
ESP32_3330A5,InferenceLayer.SENSOR,3133,2024-08-26 21:45:25.227762
ESP32_ED5A4D,InferenceLayer.SENSOR,1014,2024-08-26 21:45:26.258964
ESP32_46B1A6,InferenceLayer.SENSOR,3934,2024-08-26 21:45:27.232763
ESP32_46978A,InferenceLayer.SENSOR,3969,2024-08-26 21:45:28.234046
ESP32_97C286,InferenceLayer.SENSOR,4041,2024-08-26 21:45:29.309047
ESP32_AABBCC,InferenceLayer.SENSOR,2872,2024-08-26 21:45:42.869284
ESP32_09B38F,InferenceLayer.SENSOR,2521,2024-08-26 21:45:43.806118
ESP32_232714,InferenceLayer.SENSOR,3923,2024-08-26 21:45:44.815820
ESP32_B57936,InferenceLayer.SENSOR,4012,2024-08-26 21:45:45.839573
ESP32_8F7400,InferenceLayer.SENSOR,4017,2024-08-26 21:45:46.841552
ESP32_3330A5,InferenceLayer.SENSOR,4059,2024-08-26 21:45:47.905619
ESP32_ED5A4D,InferenceLayer.SENSOR,902,2024-08-26 21:45:48.865397
ESP32_46B1A6,InferenceLayer.SENSOR,3061,2024-08-26 21:45:49.918111
ESP32_46978A,InferenceLayer.SENSOR,4021,2024-08-26 21:45:50.883281
ESP32_97C286,InferenceLayer.SENSOR,4118,2024-08-26 21:45:51.907356
ESP32_AABBCC,InferenceLayer.SENSOR,4069,2024-08-26 21:46:05.530395
ESP32_09B38F,InferenceLayer.SENSOR,1612,2024-08-26 21:46:06.442755
ESP32_232714,InferenceLayer.SENSOR,3991,2024-08-26 21:46:07.485614
ESP32_B57936,InferenceLayer.SENSOR,3930,2024-08-26 21:46:08.493289
ESP32_8F7400,InferenceLayer.SENSOR,1095,2024-08-26 21:46:09.470380
ESP32_3330A5,InferenceLayer.SENSOR,4119,2024-08-26 21:46:10.553819
ESP32_ED5A4D,InferenceLayer.SENSOR,799,2024-08-26 21:46:11.494472
ESP32_46B1A6,InferenceLayer.SENSOR,3949,2024-08-26 21:46:12.515869
ESP32_46978A,InferenceLayer.SENSOR,3738,2024-08-26 21:46:13.517302
ESP32_97C286,InferenceLayer.SENSOR,1487,2024-08-26 21:46:14.522157
ESP32_AABBCC,InferenceLayer.SENSOR,3891,2024-08-26 21:46:28.145949
ESP32_09B38F,InferenceLayer.SENSOR,2032,2024-08-26 21:46:29.132530
ESP32_232714,InferenceLayer.SENSOR,3996,2024-08-26 21:46:30.120106
ESP32_B57936,InferenceLayer.SENSOR,4043,2024-08-26 21:46:31.149948
ESP32_8F7400,InferenceLayer.SENSOR,4182,2024-08-26 21:46:32.131572
ESP32_3330A5,InferenceLayer.SENSOR,4115,2024-08-26 21:46:33.181941
ESP32_ED5A4D,InferenceLayer.SENSOR,1152,2024-08-26 21:46:34.128220
ESP32_46B1A6,InferenceLayer.SENSOR,4022,2024-08-26 21:46:35.130175
ESP32_46978A,InferenceLayer.SENSOR,4052,2024-08-26 21:46:36.151434
ESP32_97C286,InferenceLayer.SENSOR,3943,2024-08-26 21:46:37.184507
ESP32_AABBCC,InferenceLayer.SENSOR,2614,2024-08-26 21:46:50.779785
ESP32_09B38F,InferenceLayer.SENSOR,4103,2024-08-26 21:46:51.756013
ESP32_232714,InferenceLayer.SENSOR,3351,2024-08-26 21:46:52.748799
ESP32_B57936,InferenceLayer.SENSOR,4336,2024-08-26 21:46:53.750232
ESP32_8F7400,InferenceLayer.SENSOR,3990,2024-08-26 21:46:54.749334
ESP32_3330A5,InferenceLayer.SENSOR,4228,2024-08-26 21:46:55.827690
ESP32_ED5A4D,InferenceLayer.SENSOR,1101,2024-08-26 21:46:56.777725
ESP32_46B1A6,InferenceLayer.SENSOR,4040,2024-08-26 21:46:57.780185
ESP32_46978A,InferenceLayer.SENSOR,4036,2024-08-26 21:46:58.774521
ESP32_97C286,InferenceLayer.SENSOR,3533,2024-08-26 21:46:59.835261
ESP32_AABBCC,InferenceLayer.SENSOR,3771,2024-08-26 21:47:13.426806
ESP32_09B38F,InferenceLayer.SENSOR,1591,2024-08-26 21:47:14.381985
ESP32_232714,InferenceLayer.SENSOR,3396,2024-08-26 21:47:15.384148
ESP32_B57936,InferenceLayer.SENSOR,3892,2024-08-26 21:47:16.380411
ESP32_8F7400,InferenceLayer.SENSOR,3923,2024-08-26 21:47:17.387852
ESP32_3330A5,InferenceLayer.SENSOR,3932,2024-08-26 21:47:18.482297
ESP32_ED5A4D,InferenceLayer.SENSOR,1025,2024-08-26 21:47:19.396169
ESP32_46B1A6,InferenceLayer.SENSOR,4252,2024-08-26 21:47:20.440883
ESP32_46978A,InferenceLayer.SENSOR,2658,2024-08-26 21:47:21.423512
ESP32_97C286,InferenceLayer.SENSOR,3118,2024-08-26 21:47:22.435234
ESP32_AABBCC,InferenceLayer.SENSOR,3927,2024-08-26 21:47:36.057036
ESP32_09B38F,InferenceLayer.SENSOR,1230,2024-08-26 21:47:36.996010
ESP32_232714,InferenceLayer.SENSOR,4241,2024-08-26 21:47:38.034972
ESP32_B57936,InferenceLayer.SENSOR,3661,2024-08-26 21:47:39.046559
ESP32_8F7400,InferenceLayer.SENSOR,3998,2024-08-26 21:47:40.045188
ESP32_3330A5,InferenceLayer.SENSOR,3895,2024-08-26 21:47:41.109100
ESP32_ED5A4D,InferenceLayer.SENSOR,985,2024-08-26 21:47:42.126897
ESP32_46B1A6,InferenceLayer.SENSOR,3962,2024-08-26 21:47:43.085590
ESP32_46978A,InferenceLayer.SENSOR,1724,2024-08-26 21:47:44.121303
ESP32_97C286,InferenceLayer.SENSOR,4050,2024-08-26 21:47:45.099594
ESP32_AABBCC,InferenceLayer.SENSOR,3122,2024-08-26 21:47:58.736526
ESP32_09B38F,InferenceLayer.SENSOR,2868,2024-08-26 21:47:59.708909
ESP32_232714,InferenceLayer.SENSOR,4806,2024-08-26 21:48:00.735149
ESP32_B57936,InferenceLayer.SENSOR,3753,2024-08-26 21:48:01.720684
ESP32_8F7400,InferenceLayer.SENSOR,3916,2024-08-26 21:48:02.755128
ESP32_3330A5,InferenceLayer.SENSOR,3612,2024-08-26 21:48:03.794435
ESP32_ED5A4D,InferenceLayer.SENSOR,910,2024-08-26 21:48:04.756037
ESP32_46B1A6,InferenceLayer.SENSOR,2422,2024-08-26 21:48:05.790063
ESP32_46978A,InferenceLayer.SENSOR,1777,2024-08-26 21:48:06.769052
ESP32_97C286,InferenceLayer.SENSOR,3724,2024-08-26 21:48:07.805302
ESP32_AABBCC,InferenceLayer.SENSOR,4060,2024-08-26 21:48:21.410545
ESP32_09B38F,InferenceLayer.SENSOR,1644,2024-08-26 21:48:22.393045
ESP32_232714,InferenceLayer.SENSOR,3627,2024-08-26 21:48:23.402625
ESP32_B57936,InferenceLayer.SENSOR,3049,2024-08-26 21:48:24.395951
ESP32_8F7400,InferenceLayer.SENSOR,1988,2024-08-26 21:48:25.431056
ESP32_3330A5,InferenceLayer.SENSOR,4114,2024-08-26 21:48:26.483979
ESP32_ED5A4D,InferenceLayer.SENSOR,940,2024-08-26 21:48:27.427449
ESP32_46B1A6,InferenceLayer.SENSOR,3950,2024-08-26 21:48:28.466934
ESP32_46978A,InferenceLayer.SENSOR,1043,2024-08-26 21:48:29.451837
ESP32_97C286,InferenceLayer.SENSOR,3386,2024-08-26 21:48:30.475600
ESP32_AABBCC,InferenceLayer.SENSOR,3997,2024-08-26 21:48:44.118694
ESP32_09B38F,InferenceLayer.SENSOR,2033,2024-08-26 21:48:45.063313
ESP32_232714,InferenceLayer.SENSOR,1774,2024-08-26 21:48:46.086141
ESP32_B57936,InferenceLayer.SENSOR,3892,2024-08-26 21:48:47.104994
ESP32_8F7400,InferenceLayer.SENSOR,1197,2024-08-26 21:48:48.093080
ESP32_3330A5,InferenceLayer.SENSOR,4003,2024-08-26 21:48:49.158770
ESP32_ED5A4D,InferenceLayer.SENSOR,863,2024-08-26 21:48:50.100465
ESP32_46B1A6,InferenceLayer.SENSOR,4047,2024-08-26 21:48:51.133590
ESP32_46978A,InferenceLayer.SENSOR,915,2024-08-26 21:48:52.160366
ESP32_97C286,InferenceLayer.SENSOR,3985,2024-08-26 21:48:53.492466
ESP32_AABBCC,InferenceLayer.SENSOR,1111,2024-08-26 21:49:06.790035
ESP32_09B38F,InferenceLayer.SENSOR,1790,2024-08-26 21:49:07.741901
ESP32_232714,InferenceLayer.SENSOR,1087,2024-08-26 21:49:08.725737
ESP32_B57936,InferenceLayer.SENSOR,1958,2024-08-26 21:49:09.734574
ESP32_8F7400,InferenceLayer.SENSOR,791,2024-08-26 21:49:10.756374
ESP32_3330A5,InferenceLayer.SENSOR,4895,2024-08-26 21:49:11.811085
ESP32_ED5A4D,InferenceLayer.SENSOR,847,2024-08-26 21:49:12.835297
ESP32_46B1A6,InferenceLayer.SENSOR,4012,2024-08-26 21:49:13.780169
ESP32_46978A,InferenceLayer.SENSOR,2860,2024-08-26 21:49:14.794684
ESP32_97C286,InferenceLayer.SENSOR,4206,2024-08-26 21:49:15.815497
ESP32_AABBCC,InferenceLayer.SENSOR,940,2024-08-26 21:49:29.445579
ESP32_09B38F,InferenceLayer.SENSOR,2836,2024-08-26 21:49:30.384311
ESP32_232714,InferenceLayer.SENSOR,903,2024-08-26 21:49:31.392811
ESP32_B57936,InferenceLayer.SENSOR,2743,2024-08-26 21:49:32.436594
ESP32_8F7400,InferenceLayer.SENSOR,4291,2024-08-26 21:49:33.465072
ESP32_3330A5,InferenceLayer.SENSOR,4022,2024-08-26 21:49:34.481190
ESP32_ED5A4D,InferenceLayer.SENSOR,1230,2024-08-26 21:49:35.451376
ESP32_46B1A6,InferenceLayer.SENSOR,3903,2024-08-26 21:49:36.454506
ESP32_46978A,InferenceLayer.SENSOR,3962,2024-08-26 21:49:37.497412
ESP32_97C286,InferenceLayer.SENSOR,4041,2024-08-26 21:49:38.484777
ESP32_AABBCC,InferenceLayer.SENSOR,1383,2024-08-26 21:49:52.132205
ESP32_09B38F,InferenceLayer.SENSOR,1617,2024-08-26 21:49:53.066540
ESP32_232714,InferenceLayer.SENSOR,4161,2024-08-26 21:49:54.104760
ESP32_B57936,InferenceLayer.SENSOR,1785,2024-08-26 21:49:55.069645
ESP32_8F7400,InferenceLayer.SENSOR,4062,2024-08-26 21:49:56.090313
ESP32_3330A5,InferenceLayer.SENSOR,3125,2024-08-26 21:49:57.152274
ESP32_ED5A4D,InferenceLayer.SENSOR,748,2024-08-26 21:49:58.099403
ESP32_46B1A6,InferenceLayer.SENSOR,4241,2024-08-26 21:49:59.156627
ESP32_46978A,InferenceLayer.SENSOR,4033,2024-08-26 21:50:00.159207
ESP32_97C286,InferenceLayer.SENSOR,4004,2024-08-26 21:50:01.180006
ESP32_AABBCC,InferenceLayer.SENSOR,1004,2024-08-26 21:50:14.791902
ESP32_09B38F,InferenceLayer.SENSOR,4684,2024-08-26 21:50:15.757369
ESP32_232714,InferenceLayer.SENSOR,3947,2024-08-26 21:50:16.733930
ESP32_B57936,InferenceLayer.SENSOR,3267,2024-08-26 21:50:17.755321
ESP32_8F7400,InferenceLayer.SENSOR,3127,2024-08-26 21:50:18.770130
ESP32_3330A5,InferenceLayer.SENSOR,1092,2024-08-26 21:50:19.822452
ESP32_ED5A4D,InferenceLayer.SENSOR,760,2024-08-26 21:50:20.800527
ESP32_46B1A6,InferenceLayer.SENSOR,4063,2024-08-26 21:50:21.820275
ESP32_46978A,InferenceLayer.SENSOR,3834,2024-08-26 21:50:22.802060
ESP32_97C286,InferenceLayer.SENSOR,3968,2024-08-26 21:50:23.857298
ESP32_AABBCC,InferenceLayer.SENSOR,3576,2024-08-26 21:50:37.471340
ESP32_09B38F,InferenceLayer.SENSOR,1767,2024-08-26 21:50:38.412996
ESP32_232714,InferenceLayer.SENSOR,4095,2024-08-26 21:50:39.439096
ESP32_B57936,InferenceLayer.SENSOR,2944,2024-08-26 21:50:40.418044
ESP32_8F7400,InferenceLayer.SENSOR,4069,2024-08-26 21:50:41.439011
ESP32_3330A5,InferenceLayer.SENSOR,3989,2024-08-26 21:50:42.502996
ESP32_ED5A4D,InferenceLayer.SENSOR,810,2024-08-26 21:50:43.466196
ESP32_46B1A6,InferenceLayer.SENSOR,3151,2024-08-26 21:50:44.500520
ESP32_46978A,InferenceLayer.SENSOR,3913,2024-08-26 21:50:45.499208
ESP32_97C286,InferenceLayer.SENSOR,1802,2024-08-26 21:50:46.523344
ESP32_AABBCC,InferenceLayer.SENSOR,3453,2024-08-26 21:51:00.119286
ESP32_09B38F,InferenceLayer.SENSOR,1799,2024-08-26 21:51:01.100522
ESP32_232714,InferenceLayer.SENSOR,3161,2024-08-26 21:51:02.092305
ESP32_B57936,InferenceLayer.SENSOR,4006,2024-08-26 21:51:03.106882
ESP32_8F7400,InferenceLayer.SENSOR,3590,2024-08-26 21:51:04.124128
ESP32_3330A5,InferenceLayer.SENSOR,4159,2024-08-26 21:51:05.235447
ESP32_ED5A4D,InferenceLayer.SENSOR,980,2024-08-26 21:51:06.159633
ESP32_46B1A6,InferenceLayer.SENSOR,3957,2024-08-26 21:51:07.166050
ESP32_46978A,InferenceLayer.SENSOR,3992,2024-08-26 21:51:08.182659
ESP32_97C286,InferenceLayer.SENSOR,3922,2024-08-26 21:51:09.197918
ESP32_AABBCC,InferenceLayer.SENSOR,3887,2024-08-26 21:51:22.815162
ESP32_09B38F,InferenceLayer.SENSOR,2817,2024-08-26 21:51:23.775790
ESP32_232714,InferenceLayer.SENSOR,807,2024-08-26 21:51:24.746908
ESP32_B57936,InferenceLayer.SENSOR,4089,2024-08-26 21:51:25.808332
ESP32_8F7400,InferenceLayer.SENSOR,3496,2024-08-26 21:51:26.793884
ESP32_3330A5,InferenceLayer.SENSOR,3936,2024-08-26 21:51:27.845936
ESP32_ED5A4D,InferenceLayer.SENSOR,784,2024-08-26 21:51:28.838720
ESP32_46B1A6,InferenceLayer.SENSOR,989,2024-08-26 21:51:29.820187
ESP32_46978A,InferenceLayer.SENSOR,4044,2024-08-26 21:51:30.856729
ESP32_97C286,InferenceLayer.SENSOR,4318,2024-08-26 21:51:31.854453
ESP32_AABBCC,InferenceLayer.SENSOR,3094,2024-08-26 21:51:45.504006
ESP32_09B38F,InferenceLayer.SENSOR,3006,2024-08-26 21:51:46.466807
ESP32_232714,InferenceLayer.SENSOR,4071,2024-08-26 21:51:47.469546
ESP32_B57936,InferenceLayer.SENSOR,4080,2024-08-26 21:51:48.494010
ESP32_8F7400,InferenceLayer.SENSOR,3981,2024-08-26 21:51:49.488758
ESP32_3330A5,InferenceLayer.SENSOR,4025,2024-08-26 21:51:50.557194
ESP32_ED5A4D,InferenceLayer.SENSOR,976,2024-08-26 21:51:51.527308
ESP32_46B1A6,InferenceLayer.SENSOR,3961,2024-08-26 21:51:52.523112
ESP32_46978A,InferenceLayer.SENSOR,3987,2024-08-26 21:51:53.528517
ESP32_97C286,InferenceLayer.SENSOR,3973,2024-08-26 21:51:54.574655
ESP32_AABBCC,InferenceLayer.SENSOR,3969,2024-08-26 21:52:08.187874
ESP32_09B38F,InferenceLayer.SENSOR,1531,2024-08-26 21:52:09.141926
ESP32_232714,InferenceLayer.SENSOR,3918,2024-08-26 21:52:10.141603
ESP32_B57936,InferenceLayer.SENSOR,3907,2024-08-26 21:52:11.152918
ESP32_8F7400,InferenceLayer.SENSOR,4028,2024-08-26 21:52:12.170341
ESP32_3330A5,InferenceLayer.SENSOR,3971,2024-08-26 21:52:13.229217
ESP32_ED5A4D,InferenceLayer.SENSOR,906,2024-08-26 21:52:14.225897
ESP32_46B1A6,InferenceLayer.SENSOR,1784,2024-08-26 21:52:15.222146
ESP32_46978A,InferenceLayer.SENSOR,4226,2024-08-26 21:52:16.238669
ESP32_97C286,InferenceLayer.SENSOR,3048,2024-08-26 21:52:17.230861
ESP32_AABBCC,InferenceLayer.SENSOR,3190,2024-08-26 21:52:30.892640
ESP32_09B38F,InferenceLayer.SENSOR,1625,2024-08-26 21:52:31.812478
ESP32_232714,InferenceLayer.SENSOR,3984,2024-08-26 21:52:32.806326
ESP32_B57936,InferenceLayer.SENSOR,4575,2024-08-26 21:52:33.839593
ESP32_8F7400,InferenceLayer.SENSOR,1081,2024-08-26 21:52:34.872386
ESP32_3330A5,InferenceLayer.SENSOR,4136,2024-08-26 21:52:35.922112
ESP32_ED5A4D,InferenceLayer.SENSOR,851,2024-08-26 21:52:36.913095
ESP32_46B1A6,InferenceLayer.SENSOR,4093,2024-08-26 21:52:37.903898
ESP32_46978A,InferenceLayer.SENSOR,3894,2024-08-26 21:52:38.938617
ESP32_97C286,InferenceLayer.SENSOR,1003,2024-08-26 21:52:39.936719
ESP32_AABBCC,InferenceLayer.SENSOR,1161,2024-08-26 21:53:43.755935
ESP32_09B38F,InferenceLayer.SENSOR,3559,2024-08-26 21:53:44.685334
ESP32_232714,InferenceLayer.SENSOR,919,2024-08-26 21:53:45.695262
ESP32_B57936,InferenceLayer.SENSOR,3512,2024-08-26 21:53:46.709164
ESP32_8F7400,InferenceLayer.SENSOR,884,2024-08-26 21:53:47.738487
ESP32_3330A5,InferenceLayer.SENSOR,4231,2024-08-26 21:53:48.810290
ESP32_ED5A4D,InferenceLayer.SENSOR,796,2024-08-26 21:53:49.746199
ESP32_46B1A6,InferenceLayer.SENSOR,3987,2024-08-26 21:53:50.756311
ESP32_46978A,InferenceLayer.SENSOR,3810,2024-08-26 21:53:51.794522
ESP32_97C286,InferenceLayer.SENSOR,4111,2024-08-26 21:53:52.812259
ESP32_AABBCC,InferenceLayer.SENSOR,1197,2024-08-26 21:54:06.410586
ESP32_09B38F,InferenceLayer.SENSOR,1615,2024-08-26 21:54:07.368725
ESP32_232714,InferenceLayer.SENSOR,999,2024-08-26 21:54:08.403420
ESP32_B57936,InferenceLayer.SENSOR,3924,2024-08-26 21:54:09.368405
ESP32_8F7400,InferenceLayer.SENSOR,1209,2024-08-26 21:54:10.390675
ESP32_3330A5,InferenceLayer.SENSOR,4330,2024-08-26 21:54:11.456156
ESP32_ED5A4D,InferenceLayer.SENSOR,828,2024-08-26 21:54:12.426969
ESP32_46B1A6,InferenceLayer.SENSOR,3118,2024-08-26 21:54:13.453529
ESP32_46978A,InferenceLayer.SENSOR,4054,2024-08-26 21:54:14.437588
ESP32_97C286,InferenceLayer.SENSOR,3991,2024-08-26 21:54:15.456697
ESP32_AABBCC,InferenceLayer.SENSOR,3960,2024-08-26 21:54:31.604895
ESP32_09B38F,InferenceLayer.SENSOR,1286,2024-08-26 21:54:32.539730
ESP32_232714,InferenceLayer.SENSOR,3536,2024-08-26 21:54:33.528027
ESP32_B57936,InferenceLayer.SENSOR,3850,2024-08-26 21:54:34.547890
ESP32_8F7400,InferenceLayer.SENSOR,1509,2024-08-26 21:54:35.544124
ESP32_3330A5,InferenceLayer.SENSOR,3829,2024-08-26 21:54:36.647910
ESP32_ED5A4D,InferenceLayer.SENSOR,849,2024-08-26 21:54:37.606682
ESP32_46B1A6,InferenceLayer.SENSOR,3985,2024-08-26 21:54:38.615551
ESP32_46978A,InferenceLayer.SENSOR,1832,2024-08-26 21:54:39.618293
ESP32_97C286,InferenceLayer.SENSOR,4013,2024-08-26 21:54:40.613988
ESP32_AABBCC,InferenceLayer.SENSOR,3943,2024-08-26 21:54:54.200285
ESP32_09B38F,InferenceLayer.SENSOR,1738,2024-08-26 21:54:55.185252
ESP32_232714,InferenceLayer.SENSOR,4136,2024-08-26 21:54:56.195711
ESP32_B57936,InferenceLayer.SENSOR,4039,2024-08-26 21:54:57.220366
ESP32_8F7400,InferenceLayer.SENSOR,4004,2024-08-26 21:54:58.301787
ESP32_3330A5,InferenceLayer.SENSOR,4105,2024-08-26 21:54:59.271311
ESP32_ED5A4D,InferenceLayer.SENSOR,937,2024-08-26 21:55:00.301437
ESP32_46B1A6,InferenceLayer.SENSOR,4046,2024-08-26 21:55:01.399574
ESP32_46978A,InferenceLayer.SENSOR,3061,2024-08-26 21:55:02.295784
ESP32_97C286,InferenceLayer.SENSOR,4037,2024-08-26 21:55:03.305837
ESP32_AABBCC,InferenceLayer.SENSOR,3991,2024-08-26 21:56:51.073258
ESP32_09B38F,InferenceLayer.SENSOR,3804,2024-08-26 21:56:52.016185
ESP32_232714,InferenceLayer.SENSOR,853,2024-08-26 21:56:53.012841
ESP32_B57936,InferenceLayer.SENSOR,1653,2024-08-26 21:56:54.017461
ESP32_8F7400,InferenceLayer.SENSOR,3739,2024-08-26 21:56:55.083878
ESP32_3330A5,InferenceLayer.SENSOR,3761,2024-08-26 21:56:56.125292
ESP32_ED5A4D,InferenceLayer.SENSOR,3710,2024-08-26 21:56:57.058353
ESP32_46B1A6,InferenceLayer.SENSOR,3978,2024-08-26 21:56:58.063856
ESP32_46978A,InferenceLayer.SENSOR,4134,2024-08-26 21:56:59.078393
ESP32_97C286,InferenceLayer.SENSOR,3913,2024-08-26 21:57:00.085251
